timestamp,machine_id,temperature,vibration,spindle_rpm,motor_current,tool_wear,status
2026-09-30 09:48:14,CNC_01,41.97,0.448,2594,5.12,14.7,NORMAL
2026-09-30 09:48:15,CNC_01,46.68,0.319,2493,3.65,14.26,NORMAL
2026-09-30 09:48:16,CNC_01,47.26,0.214,2452,4.01,12.26,NORMAL
2026-09-30 09:48:17,CNC_01,42.63,0.29,2495,3.53,18.91,NORMAL
2026-09-30 09:48:18,CNC_01,52.47,0.262,2403,4.75,10.87,WARNING
2026-09-30 09:48:19,CNC_01,54.55,0.223,2432,5.01,11.25,WARNING
2026-09-30 09:48:20,CNC_01,42.41,0.312,2480,5.2,5.75,NORMAL
2026-09-30 09:48:21,CNC_01,44.71,0.463,2468,4.26,11.0,WARNING
2026-09-30 09:48:22,CNC_01,48.03,0.17,2427,4.11,12.17,NORMAL
2026-09-30 09:48:23,CNC_01,43.52,0.212,2588,4.99,10.52,NORMAL
2026-09-30 09:48:24,CNC_01,43.26,0.292,2475,3.62,5.97,NORMAL
2026-09-30 09:48:25,CNC_01,53.78,0.49,2599,3.61,7.17,WARNING
2026-09-30 09:48:26,CNC_01,54.34,0.172,2533,5.23,5.63,WARNING
2026-09-30 09:48:28,CNC_01,54.21,0.466,2600,4.87,16.3,WARNING
2026-09-30 09:48:29,CNC_01,43.05,0.267,2488,5.05,15.93,NORMAL
2026-09-30 09:48:30,CNC_01,42.73,0.114,2537,4.43,10.17,NORMAL
2026-09-30 09:48:31,CNC_01,47.58,0.209,2549,4.33,12.47,NORMAL
2026-09-30 09:48:32,CNC_01,45.76,0.18,2539,3.99,9.56,NORMAL
2026-09-30 09:48:33,CNC_01,49.5,0.258,2483,3.75,6.15,NORMAL
2026-09-30 09:48:34,CNC_01,51.81,0.244,2557,5.31,7.73,NORMAL
2026-09-30 09:48:35,CNC_01,43.88,0.489,2533,4.85,8.06,WARNING
2026-09-30 09:48:36,CNC_01,50.65,0.26,2420,5.12,5.27,NORMAL
2026-09-30 09:48:37,CNC_01,46.65,0.145,2437,4.02,18.92,NORMAL
2026-09-30 09:48:38,CNC_01,40.59,0.102,2570,5.14,11.21,NORMAL
2026-09-30 09:48:39,CNC_01,52.65,0.241,2507,4.99,12.66,WARNING
2026-09-30 09:48:40,CNC_01,52.11,0.153,2447,5.3,12.5,WARNING
2026-09-30 09:48:41,CNC_01,43.52,0.266,2555,3.97,6.73,NORMAL
2026-09-30 09:48:42,CNC_01,46.48,0.135,2481,5.18,10.55,NORMAL
2026-09-30 09:48:43,CNC_01,45.19,0.365,2492,3.92,18.42,NORMAL
2026-09-30 09:48:44,CNC_01,49.68,0.119,2501,4.82,17.97,NORMAL
2026-09-30 09:48:45,CNC_01,54.97,0.492,2430,4.9,11.08,WARNING
2026-09-30 09:48:46,CNC_01,52.61,0.405,2524,3.84,13.14,WARNING
2026-09-30 09:48:47,CNC_01,43.24,0.391,2486,3.7,14.3,NORMAL
2026-09-30 09:48:48,CNC_01,52.3,0.329,2495,4.99,10.66,WARNING
2026-09-30 09:48:49,CNC_01,51.76,0.372,2554,5.13,13.54,NORMAL
2026-09-30 09:48:50,CNC_01,50.85,0.385,2410,4.17,5.47,NORMAL
2026-09-30 09:48:51,CNC_01,42.0,0.393,2573,4.14,14.32,NORMAL
2026-09-30 09:48:52,CNC_01,45.54,0.266,2557,4.26,10.71,NORMAL
2026-09-30 09:48:53,CNC_01,49.38,0.256,2549,4.29,7.61,NORMAL
2026-09-30 09:48:54,CNC_01,54.73,0.37,2522,5.01,15.14,WARNING
2026-09-30 09:48:55,CNC_01,44.93,0.112,2404,3.89,18.01,NORMAL
2026-09-30 09:48:56,CNC_01,44.06,0.403,2500,3.75,5.13,NORMAL
2026-09-30 09:48:57,CNC_01,48.02,0.277,2600,5.32,6.87,NORMAL
2026-09-30 09:48:58,CNC_01,49.28,0.149,2552,3.82,12.69,NORMAL
2026-09-30 09:48:59,CNC_01,54.47,0.308,2542,4.33,14.63,WARNING
2026-09-30 09:49:00,CNC_01,54.7,0.282,2435,4.84,15.74,WARNING
2026-09-30 09:49:01,CNC_01,43.06,0.425,2473,5.24,13.77,NORMAL
2026-09-30 09:49:02,CNC_01,46.11,0.201,2516,4.31,15.62,NORMAL
2026-09-30 09:49:03,CNC_01,48.94,0.461,2447,3.81,7.13,WARNING
2026-09-30 09:49:04,CNC_01,45.42,0.265,2588,3.82,14.52,NORMAL
2026-09-30 09:49:05,CNC_01,52.86,0.106,2432,5.19,6.12,WARNING
2026-09-30 09:49:06,CNC_01,53.54,0.3,2411,4.1,10.04,WARNING
2026-09-30 09:49:07,CNC_01,49.89,0.464,2550,3.92,18.52,WARNING
2026-09-30 09:49:08,CNC_01,49.14,0.446,2485,4.03,19.07,NORMAL
2026-09-30 09:49:09,CNC_01,54.38,0.29,2595,3.8,17.56,WARNING
2026-09-30 09:49:10,CNC_01,45.85,0.316,2589,5.49,8.17,NORMAL
2026-09-30 09:49:11,CNC_01,43.65,0.135,2444,5.31,13.14,NORMAL
2026-09-30 09:49:12,CNC_01,49.14,0.344,2483,4.6,8.21,NORMAL
2026-09-30 09:49:13,CNC_01,51.14,0.476,2482,4.1,9.84,WARNING
2026-09-30 09:49:14,CNC_01,47.77,0.309,2409,4.22,13.68,NORMAL
2026-09-30 09:49:15,CNC_01,40.33,0.293,2546,3.63,8.2,NORMAL
2026-09-30 09:49:16,CNC_01,47.09,0.431,2549,3.77,9.23,NORMAL
2026-09-30 09:49:17,CNC_01,44.45,0.309,2560,3.58,17.18,NORMAL
2026-09-30 09:49:18,CNC_01,47.15,0.233,2435,4.21,16.7,NORMAL
2026-09-30 09:49:19,CNC_01,46.46,0.217,2469,4.24,12.57,NORMAL
2026-09-30 09:49:20,CNC_01,47.75,0.469,2545,5.44,8.92,WARNING
2026-09-30 09:49:21,CNC_01,41.67,0.122,2538,4.91,6.99,NORMAL
2026-09-30 09:49:22,CNC_01,42.5,0.326,2591,5.49,7.7,NORMAL
2026-09-30 09:49:23,CNC_01,42.45,0.458,2537,5.11,17.35,WARNING
2026-09-30 09:49:24,CNC_01,54.6,0.416,2543,3.52,7.29,WARNING
2026-09-30 09:49:25,CNC_01,44.75,0.138,2411,4.56,10.28,NORMAL
2026-09-30 09:49:26,CNC_01,46.54,0.238,2520,3.66,10.5,NORMAL
2026-09-30 09:49:27,CNC_01,48.53,0.427,2464,3.98,13.92,NORMAL
2026-09-30 09:49:28,CNC_01,43.77,0.231,2515,5.23,7.31,NORMAL
2026-09-30 09:49:29,CNC_01,47.58,0.373,2444,3.64,17.88,NORMAL
2026-09-30 09:49:30,CNC_01,44.81,0.254,2491,3.54,19.92,NORMAL
2026-09-30 09:49:31,CNC_01,46.59,0.499,2420,4.86,18.7,WARNING
2026-09-30 09:49:32,CNC_01,44.4,0.135,2542,5.34,5.97,NORMAL
2026-09-30 09:49:33,CNC_01,46.94,0.289,2448,3.97,7.93,NORMAL
2026-09-30 09:49:34,CNC_01,48.36,0.451,2562,4.12,16.45,WARNING
2026-09-30 09:49:35,CNC_01,44.04,0.383,2477,4.7,9.48,NORMAL
2026-09-30 09:49:36,CNC_01,53.65,0.117,2450,4.68,14.38,WARNING
2026-09-30 09:49:37,CNC_01,46.77,0.435,2462,4.05,9.77,NORMAL
2026-09-30 09:49:38,CNC_01,51.11,0.314,2417,5.34,10.05,NORMAL
2026-09-30 09:49:39,CNC_01,42.35,0.458,2562,3.82,19.9,WARNING
2026-09-30 09:49:40,CNC_01,42.51,0.396,2564,4.2,5.34,NORMAL
2026-09-30 09:49:41,CNC_01,51.66,0.165,2439,5.26,14.82,NORMAL
2026-09-30 09:49:42,CNC_01,48.36,0.434,2508,4.31,12.0,NORMAL
2026-09-30 09:49:43,CNC_01,40.13,0.224,2543,4.24,10.93,NORMAL
2026-09-30 09:49:44,CNC_01,43.89,0.153,2599,3.55,6.61,NORMAL
2026-09-30 09:49:45,CNC_01,40.55,0.304,2535,4.54,14.46,NORMAL
2026-09-30 09:49:46,CNC_01,51.37,0.17,2559,4.23,8.19,NORMAL
2026-09-30 09:49:47,CNC_01,46.96,0.251,2489,5.2,19.79,NORMAL
2026-09-30 09:49:48,CNC_01,41.31,0.151,2412,4.91,8.33,NORMAL
2026-09-30 09:49:49,CNC_01,40.98,0.23,2434,4.28,14.48,NORMAL
2026-09-30 09:49:50,CNC_01,53.78,0.377,2403,4.49,17.12,WARNING
2026-09-30 09:49:51,CNC_01,54.55,0.379,2424,4.95,7.31,WARNING
2026-09-30 09:49:52,CNC_01,53.21,0.25,2548,5.16,11.39,WARNING
2026-09-30 09:49:53,CNC_01,46.22,0.434,2515,4.74,18.81,NORMAL
2026-09-30 09:49:54,CNC_01,47.9,0.38,2560,3.68,10.5,NORMAL
2026-09-30 09:49:55,CNC_01,43.56,0.262,2438,4.65,14.78,NORMAL
2026-09-30 09:49:56,CNC_01,41.07,0.432,2575,5.41,6.63,NORMAL
2026-09-30 09:49:57,CNC_01,54.01,0.302,2456,4.06,6.97,WARNING
2026-09-30 09:49:58,CNC_01,51.79,0.498,2582,4.99,19.42,WARNING
2026-09-30 09:49:59,CNC_01,43.11,0.237,2433,5.42,19.82,NORMAL
2026-09-30 09:50:00,CNC_01,54.81,0.304,2550,4.66,5.58,WARNING
2026-09-30 09:50:01,CNC_01,43.44,0.265,2560,4.6,19.63,NORMAL
2026-09-30 09:50:02,CNC_01,50.24,0.407,2579,4.05,17.09,NORMAL
2026-09-30 09:50:03,CNC_01,51.41,0.267,2428,4.41,9.05,NORMAL
2026-09-30 09:50:04,CNC_01,54.47,0.393,2554,4.32,8.5,WARNING
2026-09-30 09:50:05,CNC_01,43.99,0.153,2475,4.36,16.85,NORMAL
2026-09-30 09:50:06,CNC_01,44.45,0.391,2511,3.67,16.54,NORMAL
2026-09-30 09:50:07,CNC_01,47.84,0.229,2413,3.69,18.26,NORMAL
2026-09-30 09:50:08,CNC_01,52.83,0.181,2550,4.68,13.57,WARNING
2026-09-30 09:50:09,CNC_01,43.97,0.327,2494,4.24,16.04,NORMAL
2026-09-30 09:50:10,CNC_01,47.24,0.214,2424,4.06,12.01,NORMAL
2026-09-30 09:50:11,CNC_01,46.28,0.391,2485,4.45,12.25,NORMAL
2026-09-30 09:50:12,CNC_01,45.31,0.22,2509,3.76,19.13,NORMAL
2026-09-30 09:50:13,CNC_01,44.08,0.138,2440,4.55,17.11,NORMAL
2026-09-30 09:50:14,CNC_01,44.85,0.2,2580,3.64,14.15,NORMAL
2026-09-30 09:50:15,CNC_01,44.72,0.206,2574,5.12,9.14,NORMAL
2026-09-30 09:50:16,CNC_01,46.77,0.266,2520,3.63,9.08,NORMAL
2026-09-30 09:50:17,CNC_01,52.69,0.227,2457,4.2,13.56,WARNING
2026-09-30 09:50:18,CNC_01,44.87,0.318,2559,4.36,7.64,NORMAL
2026-09-30 09:50:19,CNC_01,51.54,0.467,2446,3.77,12.64,WARNING
2026-09-30 09:50:20,CNC_01,46.03,0.159,2519,3.9,7.52,NORMAL
2026-09-30 09:50:21,CNC_01,53.17,0.31,2473,4.44,6.22,WARNING
2026-09-30 09:50:22,CNC_01,51.6,0.423,2545,5.0,18.62,NORMAL
2026-09-30 09:50:23,CNC_01,46.75,0.408,2476,4.06,8.15,NORMAL
2026-09-30 09:50:24,CNC_01,40.13,0.462,2437,4.4,6.72,WARNING
2026-09-30 09:50:25,CNC_01,40.8,0.389,2576,4.71,18.16,NORMAL
2026-09-30 09:50:26,CNC_01,49.11,0.35,2566,3.79,6.49,NORMAL
2026-09-30 09:50:27,CNC_01,41.99,0.177,2566,5.02,12.79,NORMAL
2026-09-30 09:50:28,CNC_01,41.91,0.413,2452,5.38,13.49,NORMAL
2026-09-30 09:50:29,CNC_01,52.42,0.363,2405,4.91,19.05,WARNING
2026-09-30 09:50:30,CNC_01,46.27,0.278,2470,5.0,17.1,NORMAL
2026-09-30 09:50:31,CNC_01,51.78,0.491,2514,5.26,7.1,WARNING
2026-09-30 09:50:32,CNC_01,52.5,0.132,2458,3.87,6.15,WARNING
2026-09-30 09:50:33,CNC_01,43.45,0.462,2501,3.55,16.57,WARNING
2026-09-30 09:50:34,CNC_01,48.01,0.253,2593,4.94,5.01,NORMAL
2026-09-30 09:50:35,CNC_01,44.75,0.466,2532,3.88,14.9,WARNING
2026-09-30 09:50:36,CNC_01,52.33,0.159,2483,3.94,15.75,WARNING
2026-09-30 09:50:37,CNC_01,45.37,0.247,2513,3.78,14.55,NORMAL
2026-09-30 09:50:38,CNC_01,50.89,0.413,2421,5.47,9.76,NORMAL
2026-09-30 09:50:39,CNC_01,50.08,0.393,2520,4.81,12.14,NORMAL
2026-09-30 09:50:40,CNC_01,51.47,0.204,2478,4.44,16.54,NORMAL
2026-09-30 09:50:41,CNC_01,45.73,0.186,2593,3.69,9.29,NORMAL
2026-09-30 09:50:42,CNC_01,50.0,0.188,2504,5.05,17.82,NORMAL
2026-09-30 09:50:43,CNC_01,50.62,0.211,2406,4.25,14.29,NORMAL
2026-09-30 09:50:44,CNC_01,53.96,0.158,2574,5.29,11.96,WARNING
2026-09-30 09:50:45,CNC_01,48.1,0.114,2404,3.71,6.22,NORMAL
2026-09-30 09:50:46,CNC_01,43.3,0.393,2533,5.08,7.16,NORMAL
2026-09-30 09:50:47,CNC_01,54.15,0.495,2407,4.02,6.5,WARNING
2026-09-30 09:50:48,CNC_01,53.38,0.41,2450,3.61,12.15,WARNING
2026-09-30 09:50:49,CNC_01,50.48,0.26,2499,4.02,16.9,NORMAL
2026-09-30 09:50:50,CNC_01,47.06,0.286,2494,3.9,9.02,NORMAL
2026-09-30 09:50:51,CNC_01,46.74,0.108,2502,3.54,5.62,NORMAL
2026-09-30 09:50:52,CNC_01,49.49,0.11,2413,5.47,7.28,NORMAL
2026-09-30 09:50:53,CNC_01,54.0,0.198,2414,3.72,14.07,WARNING
2026-09-30 09:50:54,CNC_01,46.75,0.426,2428,3.68,13.71,NORMAL
2026-09-30 09:50:55,CNC_01,47.55,0.468,2499,4.25,10.24,WARNING
2026-09-30 09:50:56,CNC_01,42.12,0.275,2418,3.68,16.58,NORMAL
2026-09-30 09:50:57,CNC_01,44.41,0.341,2515,5.45,16.22,NORMAL
2026-09-30 09:50:58,CNC_01,46.5,0.232,2517,4.53,18.55,NORMAL
2026-09-30 09:50:59,CNC_01,46.56,0.249,2407,4.79,6.71,NORMAL
2026-09-30 09:51:00,CNC_01,53.59,0.189,2432,3.97,16.08,WARNING
2026-09-30 09:51:01,CNC_01,42.01,0.225,2476,5.4,15.93,NORMAL
2026-09-30 09:51:02,CNC_01,46.99,0.375,2590,3.61,14.46,NORMAL
2026-09-30 09:51:03,CNC_01,49.43,0.388,2505,4.71,17.77,NORMAL
2026-09-30 09:51:04,CNC_01,47.91,0.124,2461,4.12,17.45,NORMAL
2026-09-30 09:51:05,CNC_01,45.29,0.463,2435,3.62,13.77,WARNING
2026-09-30 09:51:06,CNC_01,42.5,0.133,2442,4.05,13.74,NORMAL
2026-09-30 09:51:07,CNC_01,52.9,0.432,2441,4.08,7.71,WARNING
2026-09-30 09:51:08,CNC_01,53.13,0.382,2419,3.67,15.42,WARNING
2026-09-30 09:51:09,CNC_01,48.93,0.442,2424,4.17,7.87,NORMAL
2026-09-30 09:51:10,CNC_01,49.65,0.114,2410,3.52,8.75,NORMAL
2026-09-30 09:51:11,CNC_01,53.39,0.283,2535,5.06,15.03,WARNING
2026-09-30 09:51:12,CNC_01,52.89,0.473,2487,4.72,6.05,WARNING
2026-09-30 09:51:13,CNC_01,44.79,0.124,2474,3.95,12.79,NORMAL
2026-09-30 09:51:14,CNC_01,43.51,0.111,2462,5.46,18.87,NORMAL
2026-09-30 09:51:15,CNC_01,47.38,0.357,2537,5.07,9.98,NORMAL
2026-09-30 09:51:16,CNC_01,46.15,0.382,2570,5.45,17.0,NORMAL
2026-09-30 09:51:17,CNC_01,49.99,0.401,2453,3.56,16.15,NORMAL
2026-09-30 09:51:18,CNC_01,51.49,0.357,2598,3.97,19.6,NORMAL
2026-09-30 09:51:19,CNC_01,42.55,0.418,2561,5.13,7.72,NORMAL
2026-09-30 09:51:20,CNC_01,50.09,0.34,2596,4.38,9.91,NORMAL
2026-09-30 09:51:21,CNC_01,40.56,0.445,2415,4.79,10.49,NORMAL
2026-09-30 09:51:22,CNC_01,47.19,0.255,2506,3.73,10.6,NORMAL
2026-09-30 09:51:23,CNC_01,51.21,0.269,2508,4.91,12.27,NORMAL
2026-09-30 09:51:24,CNC_01,51.3,0.247,2546,3.74,16.13,NORMAL
2026-09-30 09:51:25,CNC_01,50.96,0.314,2584,4.74,10.72,NORMAL
2026-09-30 09:51:26,CNC_01,48.26,0.134,2512,4.03,19.57,NORMAL
2026-09-30 09:51:27,CNC_01,49.38,0.141,2466,5.04,5.75,NORMAL
2026-09-30 09:51:28,CNC_01,54.53,0.462,2471,4.19,9.34,WARNING
2026-09-30 09:51:29,CNC_01,45.87,0.303,2485,4.04,5.46,NORMAL
2026-09-30 09:51:30,CNC_01,51.71,0.338,2415,4.26,9.57,NORMAL
2026-09-30 09:51:31,CNC_01,52.83,0.343,2543,5.37,18.31,WARNING
2026-09-30 09:51:32,CNC_01,51.57,0.459,2587,5.48,8.46,WARNING
2026-09-30 09:51:33,CNC_01,49.86,0.303,2517,3.82,7.16,NORMAL
2026-09-30 09:51:34,CNC_01,43.99,0.339,2447,5.23,18.73,NORMAL
2026-09-30 09:51:35,CNC_01,50.3,0.2,2499,3.63,15.5,NORMAL
2026-09-30 09:51:36,CNC_01,52.42,0.274,2476,3.74,14.87,WARNING
2026-09-30 09:51:37,CNC_01,49.47,0.143,2469,4.2,10.26,NORMAL
2026-09-30 09:51:38,CNC_01,42.82,0.122,2568,3.67,7.34,NORMAL
2026-09-30 09:51:39,CNC_01,42.66,0.143,2594,4.46,6.48,NORMAL
2026-09-30 09:51:40,CNC_01,42.64,0.35,2481,4.58,14.79,NORMAL
2026-09-30 09:51:41,CNC_01,49.93,0.265,2426,4.96,12.97,NORMAL
2026-09-30 09:51:42,CNC_01,45.37,0.354,2453,4.05,11.3,NORMAL
2026-09-30 09:51:43,CNC_01,51.1,0.342,2450,3.9,14.19,NORMAL
2026-09-30 09:51:44,CNC_01,43.25,0.276,2438,5.06,10.6,NORMAL
2026-09-30 09:51:45,CNC_01,50.6,0.231,2575,4.12,13.87,NORMAL
2026-09-30 09:51:46,CNC_01,49.68,0.231,2416,4.29,8.52,NORMAL
2026-09-30 09:51:47,CNC_01,50.75,0.348,2434,5.3,12.18,NORMAL
2026-09-30 09:51:48,CNC_01,46.87,0.197,2600,3.56,18.12,NORMAL
2026-09-30 09:51:49,CNC_01,49.62,0.379,2487,3.73,11.42,NORMAL
2026-09-30 09:51:50,CNC_01,47.95,0.427,2492,4.98,10.28,NORMAL
2026-09-30 09:51:51,CNC_01,49.18,0.427,2467,3.72,13.69,NORMAL
2026-09-30 09:51:52,CNC_01,48.88,0.453,2562,4.1,19.27,WARNING
2026-09-30 09:51:53,CNC_01,53.53,0.343,2568,5.13,5.61,WARNING
2026-09-30 09:51:54,CNC_01,52.42,0.142,2520,5.0,14.5,WARNING
2026-09-30 09:51:55,CNC_01,53.4,0.438,2473,5.41,7.26,WARNING
2026-09-30 09:51:56,CNC_01,54.36,0.303,2565,5.38,19.08,WARNING
2026-09-30 09:51:57,CNC_01,45.95,0.475,2458,3.52,9.95,WARNING
2026-09-30 09:51:58,CNC_01,45.7,0.196,2585,5.22,6.58,NORMAL
2026-09-30 09:51:59,CNC_01,50.11,0.195,2549,5.29,6.43,NORMAL
2026-09-30 09:52:00,CNC_01,49.02,0.109,2466,4.24,7.28,NORMAL
2026-09-30 09:52:01,CNC_01,52.6,0.254,2514,4.91,6.99,WARNING
2026-09-30 09:52:02,CNC_01,40.79,0.384,2537,4.48,10.7,NORMAL
2026-09-30 09:52:03,CNC_01,41.78,0.476,2418,4.36,18.28,WARNING
2026-09-30 09:52:04,CNC_01,46.64,0.146,2584,5.2,13.6,NORMAL
2026-09-30 09:52:05,CNC_01,47.45,0.188,2404,4.28,5.44,NORMAL
2026-09-30 09:52:06,CNC_01,51.27,0.451,2564,4.91,13.23,WARNING
2026-09-30 09:52:07,CNC_01,50.13,0.402,2437,4.27,5.51,NORMAL
2026-09-30 09:52:08,CNC_01,43.8,0.401,2577,4.09,11.94,NORMAL
2026-09-30 09:52:09,CNC_01,44.71,0.119,2545,4.16,18.94,NORMAL
2026-09-30 09:52:10,CNC_01,41.3,0.446,2552,5.18,8.25,NORMAL
2026-09-30 09:52:11,CNC_01,47.73,0.48,2420,5.28,13.94,WARNING
2026-09-30 09:52:12,CNC_01,41.67,0.423,2412,3.58,19.29,NORMAL
2026-09-30 09:52:13,CNC_01,53.42,0.391,2409,3.79,12.45,WARNING
2026-09-30 09:52:14,CNC_01,41.21,0.135,2512,4.44,14.8,NORMAL
2026-09-30 09:52:15,CNC_01,51.21,0.29,2481,3.83,19.9,NORMAL
2026-09-30 09:52:16,CNC_01,51.51,0.448,2550,4.89,8.75,NORMAL
2026-09-30 09:52:17,CNC_01,52.35,0.431,2420,5.01,15.61,WARNING
2026-09-30 09:52:18,CNC_01,44.76,0.413,2581,3.93,8.5,NORMAL
2026-09-30 09:52:19,CNC_01,45.46,0.379,2494,5.25,17.14,NORMAL
2026-09-30 09:52:20,CNC_01,43.78,0.315,2433,5.31,18.48,NORMAL
2026-09-30 09:52:21,CNC_01,40.77,0.471,2437,4.06,8.11,WARNING
2026-09-30 09:52:22,CNC_01,49.2,0.336,2540,4.98,17.19,NORMAL
2026-09-30 09:52:23,CNC_01,51.61,0.202,2496,4.33,16.14,NORMAL
2026-09-30 09:52:24,CNC_01,44.52,0.272,2462,4.95,19.6,NORMAL
2026-09-30 09:52:25,CNC_01,41.25,0.137,2407,3.52,5.1,NORMAL
2026-09-30 09:52:26,CNC_01,42.39,0.245,2575,3.98,9.0,NORMAL
2026-09-30 09:52:27,CNC_01,45.42,0.143,2480,4.38,12.84,NORMAL
2026-09-30 09:52:28,CNC_01,40.91,0.339,2512,4.83,6.26,NORMAL
2026-09-30 09:52:29,CNC_01,54.61,0.413,2464,5.36,11.81,WARNING
2026-09-30 09:52:30,CNC_01,46.95,0.437,2589,5.45,18.43,NORMAL
2026-09-30 09:52:31,CNC_01,52.19,0.39,2401,5.48,18.74,WARNING
2026-09-30 09:52:32,CNC_01,45.21,0.221,2498,4.09,14.0,NORMAL
2026-09-30 09:52:33,CNC_01,40.12,0.377,2445,4.69,11.23,NORMAL
2026-09-30 09:52:34,CNC_01,52.73,0.318,2425,4.4,16.01,WARNING
2026-09-30 09:52:35,CNC_01,41.93,0.497,2447,5.1,5.56,WARNING
2026-09-30 09:52:36,CNC_01,42.75,0.24,2516,5.39,14.05,NORMAL
2026-09-30 09:52:37,CNC_01,42.72,0.297,2581,4.19,9.97,NORMAL
2026-09-30 09:52:38,CNC_01,45.25,0.193,2556,4.21,5.16,NORMAL
2026-09-30 09:52:39,CNC_01,51.61,0.41,2507,4.49,6.76,NORMAL
2026-09-30 09:52:40,CNC_01,40.42,0.269,2572,4.35,18.69,NORMAL
2026-09-30 09:52:41,CNC_01,50.09,0.201,2595,3.95,9.46,NORMAL
2026-09-30 09:52:42,CNC_01,49.06,0.235,2508,4.81,10.76,NORMAL
2026-09-30 09:52:43,CNC_01,51.01,0.495,2581,3.72,15.73,WARNING
2026-09-30 09:52:44,CNC_01,47.08,0.119,2442,4.88,18.88,NORMAL
2026-09-30 09:52:45,CNC_01,48.94,0.236,2572,3.68,9.18,NORMAL
2026-09-30 09:52:46,CNC_01,41.93,0.449,2445,5.01,8.37,NORMAL
2026-09-30 09:52:47,CNC_01,42.01,0.409,2537,3.69,7.51,NORMAL
2026-09-30 09:52:48,CNC_01,47.84,0.236,2559,3.71,10.4,NORMAL
2026-09-30 09:52:49,CNC_01,45.03,0.207,2461,5.14,13.43,NORMAL
2026-09-30 09:52:50,CNC_01,52.14,0.249,2585,4.96,7.94,WARNING
2026-09-30 09:52:51,CNC_01,46.62,0.494,2479,5.38,11.81,WARNING
2026-09-30 09:52:52,CNC_01,44.27,0.222,2528,5.29,13.03,NORMAL
2026-09-30 09:52:53,CNC_01,50.32,0.257,2505,5.4,19.03,NORMAL
2026-09-30 09:52:54,CNC_01,48.0,0.228,2570,4.0,12.46,NORMAL
2026-09-30 09:52:55,CNC_01,47.34,0.272,2588,4.56,16.24,NORMAL
2026-09-30 09:52:56,CNC_01,45.8,0.115,2404,3.68,12.89,NORMAL
2026-09-30 09:52:57,CNC_01,40.81,0.312,2488,5.06,15.15,NORMAL
2026-09-30 09:52:58,CNC_01,52.11,0.163,2533,5.31,5.07,WARNING
2026-09-30 09:52:59,CNC_01,47.44,0.232,2538,3.74,14.27,NORMAL
2026-09-30 09:53:00,CNC_01,50.74,0.232,2413,3.77,10.01,NORMAL
2026-09-30 09:53:01,CNC_01,45.67,0.157,2553,4.02,15.51,NORMAL
2026-09-30 09:53:02,CNC_01,47.59,0.271,2563,4.3,9.92,NORMAL
2026-09-30 09:53:03,CNC_01,54.1,0.185,2406,4.44,16.8,WARNING
2026-09-30 09:53:04,CNC_01,51.97,0.146,2412,3.69,5.68,NORMAL
2026-09-30 09:53:05,CNC_01,48.84,0.338,2508,5.23,11.94,NORMAL
2026-09-30 09:53:06,CNC_01,54.36,0.43,2563,4.11,16.41,WARNING
2026-09-30 09:53:07,CNC_01,48.43,0.108,2531,3.67,17.25,NORMAL
2026-09-30 09:53:08,CNC_01,42.66,0.166,2551,4.36,14.39,NORMAL
2026-09-30 09:53:09,CNC_01,50.84,0.193,2418,4.01,5.93,NORMAL
2026-09-30 09:53:10,CNC_01,46.35,0.415,2409,5.02,10.08,NORMAL
2026-09-30 09:53:11,CNC_01,47.18,0.412,2435,4.06,16.01,NORMAL
2026-09-30 09:53:12,CNC_01,42.01,0.32,2471,5.34,14.82,NORMAL
2026-09-30 09:53:13,CNC_01,50.27,0.167,2437,3.94,7.73,NORMAL
2026-09-30 09:53:14,CNC_01,42.29,0.245,2534,3.84,19.84,NORMAL
2026-09-30 09:53:15,CNC_01,47.47,0.39,2530,5.46,10.13,NORMAL
2026-09-30 09:53:16,CNC_01,44.84,0.285,2449,5.04,8.44,NORMAL
2026-09-30 09:53:17,CNC_01,50.57,0.126,2502,5.17,5.28,NORMAL
2026-09-30 09:53:18,CNC_01,54.93,0.126,2538,5.0,15.49,WARNING
2026-09-30 09:53:19,CNC_01,52.68,0.219,2494,3.69,6.99,WARNING
2026-09-30 09:53:20,CNC_01,52.4,0.364,2565,5.11,15.89,WARNING
2026-09-30 09:53:21,CNC_01,42.09,0.414,2582,4.49,9.88,NORMAL
2026-09-30 09:53:22,CNC_01,52.45,0.411,2580,4.66,11.05,WARNING
2026-09-30 09:53:23,CNC_01,54.97,0.474,2454,5.07,12.67,WARNING
2026-09-30 09:53:24,CNC_01,48.56,0.301,2551,4.96,6.77,NORMAL
2026-09-30 09:53:25,CNC_01,40.86,0.249,2572,5.37,12.72,NORMAL
2026-09-30 09:53:26,CNC_01,50.99,0.27,2586,4.12,12.7,NORMAL
2026-09-30 09:53:27,CNC_01,50.2,0.493,2408,3.95,16.79,WARNING
2026-09-30 09:53:28,CNC_01,49.8,0.296,2445,3.82,17.21,NORMAL
2026-09-30 09:53:29,CNC_01,53.24,0.197,2497,4.57,15.92,WARNING
2026-09-30 09:53:30,CNC_01,43.02,0.129,2533,3.71,8.6,NORMAL
2026-09-30 09:53:31,CNC_01,48.28,0.409,2516,4.35,5.21,NORMAL
2026-09-30 09:53:32,CNC_01,41.88,0.474,2566,3.51,7.93,WARNING
2026-09-30 09:53:33,CNC_01,46.21,0.173,2585,3.94,17.22,NORMAL
2026-09-30 09:53:34,CNC_01,52.08,0.119,2430,4.46,10.59,WARNING
2026-09-30 09:53:35,CNC_01,44.8,0.369,2400,3.78,15.06,NORMAL
2026-09-30 09:53:36,CNC_01,40.29,0.427,2508,3.78,5.04,NORMAL
2026-09-30 09:53:37,CNC_01,49.48,0.492,2544,5.18,5.53,WARNING
2026-09-30 09:53:38,CNC_01,50.73,0.184,2468,5.28,18.23,NORMAL
2026-09-30 09:53:39,CNC_01,54.02,0.128,2488,5.33,5.68,WARNING
2026-09-30 09:53:40,CNC_01,52.5,0.213,2408,4.87,15.66,WARNING
2026-09-30 09:53:41,CNC_01,48.57,0.422,2430,4.25,13.24,NORMAL
2026-09-30 09:53:42,CNC_01,50.44,0.43,2422,4.77,6.04,NORMAL
2026-09-30 09:53:43,CNC_01,49.95,0.117,2585,5.46,16.0,NORMAL
2026-09-30 09:53:44,CNC_01,47.97,0.119,2418,5.0,14.6,NORMAL
2026-09-30 09:53:45,CNC_01,54.76,0.336,2580,5.13,15.7,WARNING
2026-09-30 09:53:46,CNC_01,41.85,0.391,2470,4.48,18.55,NORMAL
2026-09-30 09:53:47,CNC_01,44.32,0.388,2505,4.95,18.28,NORMAL
2026-09-30 09:53:48,CNC_01,48.08,0.375,2422,4.84,12.6,NORMAL
2026-09-30 09:53:49,CNC_01,48.28,0.37,2524,5.09,8.02,NORMAL
2026-09-30 09:53:50,CNC_01,46.9,0.413,2475,3.95,14.45,NORMAL
2026-09-30 09:53:51,CNC_01,45.31,0.137,2495,4.0,8.74,NORMAL
2026-09-30 09:53:52,CNC_01,51.62,0.485,2402,4.0,18.83,WARNING
2026-09-30 09:53:53,CNC_01,47.71,0.26,2431,4.59,8.89,NORMAL
2026-09-30 09:53:54,CNC_01,44.78,0.165,2446,4.53,19.4,NORMAL
2026-09-30 09:53:55,CNC_01,52.43,0.109,2417,5.31,7.86,WARNING
2026-09-30 09:53:56,CNC_01,51.26,0.373,2544,5.29,13.91,NORMAL
2026-09-30 09:53:57,CNC_01,54.65,0.109,2485,3.91,5.72,WARNING
2026-09-30 09:53:58,CNC_01,46.8,0.111,2521,4.47,18.59,NORMAL
2026-09-30 09:53:59,CNC_01,54.57,0.104,2459,3.73,9.54,WARNING
2026-09-30 09:54:00,CNC_01,48.52,0.274,2406,4.95,12.53,NORMAL
2026-09-30 09:54:01,CNC_01,48.61,0.475,2495,4.42,5.65,WARNING
2026-09-30 09:54:02,CNC_01,47.46,0.152,2573,5.46,9.31,NORMAL
2026-09-30 09:54:03,CNC_01,50.57,0.445,2580,3.88,10.91,NORMAL
2026-09-30 09:54:04,CNC_01,43.4,0.309,2587,4.8,15.85,NORMAL
2026-09-30 09:54:05,CNC_01,44.53,0.435,2507,5.07,7.31,NORMAL
2026-09-30 09:54:06,CNC_01,44.07,0.281,2509,5.47,5.46,NORMAL
2026-09-30 09:54:07,CNC_01,49.61,0.159,2475,4.98,19.41,NORMAL
2026-09-30 09:54:08,CNC_01,48.56,0.107,2580,4.85,16.4,NORMAL
2026-09-30 09:54:09,CNC_01,51.66,0.233,2466,3.89,19.56,NORMAL
2026-09-30 09:54:10,CNC_01,47.07,0.365,2560,5.47,13.55,NORMAL
2026-09-30 09:54:11,CNC_01,41.66,0.226,2466,3.56,13.78,NORMAL
2026-09-30 09:54:12,CNC_01,43.58,0.257,2563,5.13,7.09,NORMAL
2026-09-30 09:54:13,CNC_01,53.03,0.104,2482,5.18,18.95,WARNING
2026-09-30 09:54:14,CNC_01,40.45,0.29,2432,4.22,8.9,NORMAL
2026-09-30 09:54:15,CNC_01,45.25,0.402,2512,4.73,18.43,NORMAL
2026-09-30 09:54:16,CNC_01,41.35,0.424,2579,3.68,12.28,NORMAL
2026-09-30 09:54:17,CNC_01,51.68,0.223,2571,4.53,19.79,NORMAL
2026-09-30 09:54:18,CNC_01,40.77,0.131,2505,5.03,13.02,NORMAL
2026-09-30 09:54:19,CNC_01,45.91,0.456,2558,3.63,5.56,WARNING
2026-09-30 09:54:20,CNC_01,51.79,0.199,2536,4.57,7.47,NORMAL
2026-09-30 09:54:21,CNC_01,43.36,0.43,2456,4.68,18.68,NORMAL
2026-09-30 09:54:22,CNC_01,51.32,0.372,2533,4.24,5.95,NORMAL
2026-09-30 09:54:23,CNC_01,43.2,0.477,2549,3.56,16.05,WARNING
2026-09-30 09:54:24,CNC_01,52.53,0.332,2435,3.78,16.83,WARNING
2026-09-30 09:54:25,CNC_01,43.52,0.31,2536,4.37,18.15,NORMAL
2026-09-30 09:54:26,CNC_01,53.63,0.273,2515,5.22,17.43,WARNING
2026-09-30 09:54:27,CNC_01,47.78,0.328,2450,4.99,12.9,NORMAL
2026-09-30 09:54:28,CNC_01,49.38,0.373,2513,4.35,11.73,NORMAL
2026-09-30 09:54:29,CNC_01,48.48,0.245,2487,3.91,18.67,NORMAL
2026-09-30 09:54:30,CNC_01,47.68,0.12,2549,4.78,18.45,NORMAL
2026-09-30 09:54:31,CNC_01,40.01,0.462,2501,4.59,13.11,WARNING
2026-09-30 09:54:32,CNC_01,50.85,0.166,2518,4.2,10.82,NORMAL
2026-09-30 09:54:33,CNC_01,52.15,0.38,2417,5.31,19.7,WARNING
2026-09-30 09:54:34,CNC_01,43.57,0.273,2558,5.26,18.47,NORMAL
2026-09-30 09:54:35,CNC_01,54.14,0.272,2419,4.92,15.61,WARNING
2026-09-30 09:54:36,CNC_01,43.18,0.237,2500,3.66,17.83,NORMAL
2026-09-30 09:54:37,CNC_01,40.97,0.279,2529,4.69,10.82,NORMAL
2026-09-30 09:54:38,CNC_01,43.53,0.294,2537,3.84,6.16,NORMAL
2026-09-30 09:54:39,CNC_01,42.8,0.42,2452,4.64,16.02,NORMAL
2026-09-30 09:54:40,CNC_01,52.86,0.34,2599,4.53,14.88,WARNING
2026-09-30 09:54:41,CNC_01,46.64,0.154,2559,3.6,5.74,NORMAL
2026-09-30 09:54:42,CNC_01,43.28,0.332,2582,4.42,8.48,NORMAL
2026-09-30 09:54:43,CNC_01,53.76,0.264,2557,4.81,7.1,WARNING
2026-09-30 09:54:44,CNC_01,40.5,0.236,2496,4.37,11.08,NORMAL
2026-09-30 09:54:45,CNC_01,43.83,0.37,2419,3.6,6.28,NORMAL
2026-09-30 09:54:46,CNC_01,41.55,0.241,2541,4.8,16.35,NORMAL
2026-09-30 09:54:47,CNC_01,45.87,0.49,2502,4.04,13.61,WARNING
2026-09-30 09:54:48,CNC_01,42.92,0.317,2444,3.75,10.53,NORMAL
2026-09-30 09:54:49,CNC_01,52.38,0.124,2536,4.78,19.42,WARNING
2026-09-30 09:54:50,CNC_01,43.09,0.254,2490,4.84,14.32,NORMAL
2026-09-30 09:54:51,CNC_01,51.49,0.103,2583,4.12,8.74,NORMAL
2026-09-30 09:54:52,CNC_01,49.69,0.299,2488,3.53,13.75,NORMAL
2026-09-30 09:54:53,CNC_01,51.46,0.146,2438,3.62,16.62,NORMAL
2026-09-30 09:54:54,CNC_01,44.8,0.103,2404,4.44,9.32,NORMAL
2026-09-30 09:54:55,CNC_01,40.76,0.207,2522,4.54,6.77,NORMAL
2026-09-30 09:54:56,CNC_01,51.24,0.279,2415,4.04,11.97,NORMAL
2026-09-30 09:54:57,CNC_01,46.98,0.335,2442,3.52,15.88,NORMAL
2026-09-30 09:54:58,CNC_01,45.5,0.285,2442,4.11,18.27,NORMAL
2026-09-30 09:54:59,CNC_01,53.15,0.408,2485,4.16,14.25,WARNING
2026-09-30 09:55:00,CNC_01,48.82,0.373,2482,5.27,9.69,NORMAL
2026-09-30 09:55:01,CNC_01,53.52,0.416,2473,3.82,18.75,WARNING
2026-09-30 09:55:02,CNC_01,44.73,0.225,2530,4.1,15.92,NORMAL
2026-09-30 09:55:03,CNC_01,47.96,0.417,2434,4.77,13.5,NORMAL
2026-09-30 09:55:04,CNC_01,46.07,0.335,2559,3.53,9.89,NORMAL
2026-09-30 09:55:05,CNC_01,47.3,0.154,2479,4.85,10.27,NORMAL
2026-09-30 09:55:06,CNC_01,47.57,0.261,2520,4.84,5.16,NORMAL
2026-09-30 09:55:07,CNC_01,54.4,0.128,2554,4.57,18.5,WARNING
2026-09-30 09:55:08,CNC_01,50.28,0.444,2519,5.42,7.68,NORMAL
2026-09-30 09:55:09,CNC_01,49.7,0.331,2453,4.33,15.07,NORMAL
2026-09-30 09:55:10,CNC_01,45.23,0.109,2514,5.4,18.94,NORMAL
2026-09-30 09:55:11,CNC_01,45.09,0.498,2514,4.52,11.75,WARNING
2026-09-30 09:55:12,CNC_01,52.19,0.216,2573,3.68,6.72,WARNING
2026-09-30 09:55:13,CNC_01,51.5,0.264,2526,5.35,7.98,NORMAL
2026-09-30 09:55:14,CNC_01,43.7,0.141,2486,4.01,14.84,NORMAL
2026-09-30 09:55:15,CNC_01,50.09,0.384,2511,5.47,5.7,NORMAL
2026-09-30 09:55:16,CNC_01,50.0,0.2,2491,4.28,9.28,NORMAL
2026-09-30 09:55:17,CNC_01,50.11,0.41,2460,3.68,9.44,NORMAL
2026-09-30 09:55:18,CNC_01,46.51,0.391,2587,5.22,14.07,NORMAL
2026-09-30 09:55:19,CNC_01,40.71,0.147,2493,5.18,11.32,NORMAL
2026-09-30 09:55:20,CNC_01,40.25,0.31,2597,4.64,8.17,NORMAL
2026-09-30 09:55:21,CNC_01,48.93,0.227,2495,5.04,8.63,NORMAL
2026-09-30 09:55:22,CNC_01,48.16,0.153,2475,4.79,15.97,NORMAL
2026-09-30 09:55:23,CNC_01,47.97,0.247,2542,4.65,12.2,NORMAL
2026-09-30 09:55:24,CNC_01,47.8,0.173,2419,4.46,17.81,NORMAL
2026-09-30 09:55:25,CNC_01,53.12,0.312,2434,3.92,13.3,WARNING
2026-09-30 09:55:26,CNC_01,43.9,0.349,2535,4.9,6.0,NORMAL
2026-09-30 09:55:27,CNC_01,45.76,0.128,2436,5.13,19.6,NORMAL
2026-09-30 09:55:28,CNC_01,53.56,0.234,2554,3.94,8.02,WARNING
2026-09-30 09:55:29,CNC_01,49.05,0.404,2495,4.81,15.22,NORMAL
2026-09-30 09:55:30,CNC_01,52.03,0.376,2575,4.63,12.19,WARNING
2026-09-30 09:55:31,CNC_01,50.52,0.302,2585,4.64,12.1,NORMAL
2026-09-30 09:55:32,CNC_01,43.86,0.202,2523,3.52,12.67,NORMAL
2026-09-30 09:55:33,CNC_01,40.25,0.248,2468,3.95,5.37,NORMAL
2026-09-30 09:55:34,CNC_01,46.62,0.339,2575,4.51,15.34,NORMAL
2026-09-30 09:55:35,CNC_01,51.3,0.387,2524,5.06,18.34,NORMAL
2026-09-30 09:55:36,CNC_01,50.53,0.405,2565,5.37,15.18,NORMAL
2026-09-30 09:55:37,CNC_01,50.87,0.21,2498,4.85,7.24,NORMAL
2026-09-30 09:55:38,CNC_01,49.73,0.35,2525,5.47,9.87,NORMAL
2026-09-30 09:55:39,CNC_01,51.52,0.103,2530,4.32,10.62,NORMAL
2026-09-30 09:55:40,CNC_01,49.39,0.446,2421,4.54,11.41,NORMAL
2026-09-30 09:55:41,CNC_01,47.27,0.339,2473,3.8,10.38,NORMAL
2026-09-30 09:55:42,CNC_01,43.07,0.22,2443,4.05,8.7,NORMAL
2026-09-30 09:55:43,CNC_01,53.81,0.22,2451,5.44,5.74,WARNING
2026-09-30 09:55:44,CNC_01,49.42,0.137,2501,3.64,7.85,NORMAL
2026-09-30 09:55:45,CNC_01,41.94,0.22,2454,3.8,15.93,NORMAL
2026-09-30 09:55:46,CNC_01,50.49,0.46,2541,5.02,7.3,WARNING
2026-09-30 09:55:47,CNC_01,48.49,0.202,2432,4.89,16.9,NORMAL
2026-09-30 09:55:48,CNC_01,44.67,0.489,2528,5.16,5.84,WARNING
2026-09-30 09:55:49,CNC_01,51.14,0.139,2488,4.29,9.5,NORMAL
2026-09-30 09:55:50,CNC_01,52.76,0.439,2402,3.51,15.9,WARNING
2026-09-30 09:55:51,CNC_01,51.7,0.142,2404,4.53,15.22,NORMAL
2026-09-30 09:55:52,CNC_01,44.7,0.192,2505,4.92,8.04,NORMAL
2026-09-30 09:55:53,CNC_01,53.93,0.42,2408,4.66,18.01,WARNING
2026-09-30 09:55:54,CNC_01,49.01,0.318,2583,4.31,16.62,NORMAL
2026-09-30 09:55:55,CNC_01,54.52,0.286,2473,3.86,5.89,WARNING
2026-09-30 09:55:56,CNC_01,54.74,0.293,2559,3.73,5.94,WARNING
2026-09-30 09:55:57,CNC_01,44.79,0.264,2408,3.93,14.91,NORMAL
2026-09-30 09:55:58,CNC_01,43.54,0.447,2492,5.49,7.3,NORMAL
2026-09-30 09:55:59,CNC_01,45.45,0.43,2550,5.2,6.84,NORMAL
2026-09-30 09:56:00,CNC_01,45.17,0.266,2583,5.27,17.87,NORMAL
2026-09-30 09:56:01,CNC_01,50.34,0.127,2443,4.52,12.53,NORMAL
2026-09-30 09:56:02,CNC_01,41.23,0.43,2431,4.82,13.06,NORMAL
2026-09-30 09:56:03,CNC_01,42.94,0.137,2419,5.44,19.11,NORMAL
2026-09-30 09:56:04,CNC_01,50.33,0.436,2503,4.96,6.72,NORMAL
2026-09-30 09:56:05,CNC_01,48.49,0.473,2596,5.42,17.85,WARNING
2026-09-30 09:56:06,CNC_01,48.89,0.445,2408,3.53,6.41,NORMAL
2026-09-30 09:56:07,CNC_01,46.87,0.427,2594,4.29,17.74,NORMAL
2026-09-30 09:56:08,CNC_01,50.2,0.346,2523,4.53,8.93,NORMAL
2026-09-30 09:56:09,CNC_01,40.56,0.297,2480,4.44,14.85,NORMAL
2026-09-30 09:56:10,CNC_01,44.66,0.436,2511,4.33,10.3,NORMAL
2026-09-30 09:56:11,CNC_01,45.62,0.369,2587,5.07,10.06,NORMAL
2026-09-30 09:56:12,CNC_01,50.46,0.426,2538,5.23,10.88,NORMAL
2026-09-30 09:56:13,CNC_01,44.08,0.103,2489,4.66,7.54,NORMAL
2026-09-30 09:56:14,CNC_01,53.91,0.342,2547,4.39,18.52,WARNING
2026-09-30 09:56:15,CNC_01,44.46,0.477,2490,4.64,12.69,WARNING
2026-09-30 09:56:16,CNC_01,49.48,0.313,2541,4.86,15.85,NORMAL
2026-09-30 09:56:17,CNC_01,47.27,0.112,2472,3.51,16.81,NORMAL
2026-09-30 09:56:18,CNC_01,42.82,0.266,2409,4.69,16.12,NORMAL
2026-09-30 09:56:19,CNC_01,44.29,0.378,2456,4.69,13.14,NORMAL
2026-09-30 09:56:20,CNC_01,51.21,0.494,2574,3.79,6.96,WARNING
2026-09-30 09:56:21,CNC_01,41.95,0.486,2431,3.94,6.34,WARNING
2026-09-30 09:56:22,CNC_01,43.45,0.482,2579,5.06,18.42,WARNING
2026-09-30 09:56:23,CNC_01,45.34,0.462,2528,3.67,8.9,WARNING
2026-09-30 09:56:24,CNC_01,49.83,0.473,2575,5.0,8.32,WARNING
2026-09-30 09:56:25,CNC_01,52.69,0.205,2521,3.72,13.23,WARNING
2026-09-30 09:56:26,CNC_01,50.71,0.273,2474,4.5,15.06,NORMAL
2026-09-30 09:56:27,CNC_01,48.84,0.489,2437,4.95,8.0,WARNING
2026-09-30 09:56:28,CNC_01,52.24,0.391,2525,4.82,12.04,WARNING
2026-09-30 09:56:29,CNC_01,52.46,0.152,2477,4.78,18.27,WARNING
2026-09-30 09:56:30,CNC_01,40.18,0.35,2553,3.99,18.31,NORMAL
2026-09-30 09:56:31,CNC_01,45.56,0.236,2472,3.7,18.76,NORMAL
2026-09-30 09:56:32,CNC_01,49.88,0.183,2550,3.65,8.98,NORMAL
2026-09-30 09:56:33,CNC_01,50.92,0.499,2528,5.04,14.96,WARNING
2026-09-30 09:56:34,CNC_01,40.88,0.155,2570,3.6,5.23,NORMAL
2026-09-30 09:56:35,CNC_01,50.76,0.414,2495,3.5,9.25,NORMAL
2026-09-30 09:56:36,CNC_01,51.39,0.47,2445,4.85,5.17,WARNING
2026-09-30 09:56:37,CNC_01,41.61,0.205,2484,3.73,17.98,NORMAL
2026-09-30 09:56:38,CNC_01,48.79,0.16,2503,4.18,18.07,NORMAL
2026-09-30 09:56:39,CNC_01,54.39,0.36,2403,3.96,12.57,WARNING
2026-09-30 09:56:40,CNC_01,52.21,0.304,2556,5.08,7.58,WARNING
2026-09-30 09:56:41,CNC_01,54.95,0.495,2593,4.5,9.92,WARNING
2026-09-30 09:56:42,CNC_01,43.63,0.258,2425,5.33,18.73,NORMAL
2026-09-30 09:56:43,CNC_01,51.56,0.461,2549,4.55,14.01,WARNING
2026-09-30 09:56:44,CNC_01,43.75,0.361,2552,5.47,8.73,NORMAL
2026-09-30 09:56:45,CNC_01,49.41,0.254,2567,4.76,11.45,NORMAL
2026-09-30 09:56:46,CNC_01,51.01,0.242,2408,5.21,16.88,NORMAL
2026-09-30 09:56:47,CNC_01,40.5,0.346,2532,5.48,18.7,NORMAL
2026-09-30 09:56:48,CNC_01,40.42,0.453,2442,3.95,6.68,WARNING
2026-09-30 09:56:49,CNC_01,42.48,0.305,2514,5.34,14.6,NORMAL
2026-09-30 09:56:50,CNC_01,44.26,0.376,2489,4.39,11.12,NORMAL
2026-09-30 09:56:51,CNC_01,51.62,0.159,2529,4.8,17.27,NORMAL
2026-09-30 09:56:52,CNC_01,51.1,0.453,2439,5.02,8.76,WARNING
2026-09-30 09:56:53,CNC_01,44.85,0.285,2434,4.08,19.9,NORMAL
2026-09-30 09:56:54,CNC_01,46.95,0.189,2433,4.66,15.55,NORMAL
2026-09-30 09:56:55,CNC_01,40.95,0.432,2438,4.43,7.95,NORMAL
2026-09-30 09:56:56,CNC_01,47.13,0.361,2433,4.43,19.6,NORMAL
2026-09-30 09:56:57,CNC_01,45.7,0.464,2513,3.89,6.43,WARNING
2026-09-30 09:56:58,CNC_01,48.55,0.455,2465,5.18,13.8,WARNING
2026-09-30 09:56:59,CNC_01,54.61,0.277,2591,4.46,19.53,WARNING
2026-09-30 09:57:00,CNC_01,51.91,0.172,2416,4.73,8.05,NORMAL
2026-09-30 09:57:01,CNC_01,52.76,0.22,2572,3.67,13.88,WARNING
2026-09-30 09:57:02,CNC_01,49.84,0.483,2435,4.35,6.96,WARNING
2026-09-30 09:57:03,CNC_01,54.74,0.22,2432,5.15,17.59,WARNING
2026-09-30 09:57:04,CNC_01,43.6,0.122,2406,3.69,9.25,NORMAL
2026-09-30 09:57:05,CNC_01,43.45,0.289,2436,3.83,13.24,NORMAL
2026-09-30 09:57:06,CNC_01,46.07,0.313,2450,4.87,5.4,NORMAL
2026-09-30 09:57:07,CNC_01,40.95,0.279,2475,3.78,16.08,NORMAL
2026-09-30 09:57:08,CNC_01,50.46,0.222,2503,4.3,17.36,NORMAL
2026-09-30 09:57:09,CNC_01,44.02,0.274,2483,5.06,6.55,NORMAL
2026-09-30 09:57:10,CNC_01,40.3,0.33,2409,4.66,12.83,NORMAL
2026-09-30 09:57:11,CNC_01,40.15,0.183,2500,4.55,9.45,NORMAL
2026-09-30 09:57:12,CNC_01,51.69,0.256,2495,5.2,6.6,NORMAL
2026-09-30 09:57:13,CNC_01,43.56,0.101,2569,3.59,17.53,NORMAL
2026-09-30 09:57:14,CNC_01,43.79,0.301,2454,5.48,19.52,NORMAL
2026-09-30 09:57:15,CNC_01,52.02,0.316,2499,5.37,7.45,WARNING
2026-09-30 09:57:16,CNC_01,51.35,0.495,2424,5.25,5.26,WARNING
2026-09-30 09:57:17,CNC_01,49.51,0.25,2447,3.69,7.35,NORMAL
2026-09-30 09:57:18,CNC_01,51.11,0.495,2409,4.63,12.11,WARNING
2026-09-30 09:57:19,CNC_01,42.45,0.11,2597,4.42,9.41,NORMAL
2026-09-30 09:57:20,CNC_01,49.26,0.371,2516,5.0,10.39,NORMAL
2026-09-30 09:57:21,CNC_01,43.89,0.432,2481,3.52,14.37,NORMAL
2026-09-30 09:57:22,CNC_01,49.32,0.477,2519,3.69,15.03,WARNING
2026-09-30 09:57:23,CNC_01,41.0,0.448,2402,3.98,13.8,NORMAL
2026-09-30 09:57:24,CNC_01,44.08,0.168,2435,4.34,16.78,NORMAL
2026-09-30 09:57:25,CNC_01,41.53,0.254,2410,3.64,9.64,NORMAL
2026-09-30 09:57:26,CNC_01,47.21,0.375,2404,3.95,16.22,NORMAL
2026-09-30 09:57:27,CNC_01,51.33,0.315,2594,4.37,11.73,NORMAL
2026-09-30 09:57:28,CNC_01,47.32,0.103,2460,4.2,10.79,NORMAL
2026-09-30 09:57:29,CNC_01,44.69,0.156,2546,5.06,18.82,NORMAL
2026-09-30 09:57:30,CNC_01,41.62,0.394,2510,4.11,19.21,NORMAL
2026-09-30 09:57:31,CNC_01,52.89,0.28,2407,4.07,10.91,WARNING
2026-09-30 09:57:32,CNC_01,50.28,0.387,2433,3.56,10.46,NORMAL
2026-09-30 09:57:33,CNC_01,52.05,0.31,2405,3.56,17.74,WARNING
2026-09-30 09:57:34,CNC_01,54.87,0.442,2450,4.87,9.1,WARNING
2026-09-30 09:57:35,CNC_01,42.34,0.277,2463,3.97,13.85,NORMAL
2026-09-30 09:57:36,CNC_01,54.6,0.144,2576,4.83,15.99,WARNING
2026-09-30 09:57:37,CNC_01,47.63,0.264,2595,5.34,14.09,NORMAL
2026-09-30 09:57:38,CNC_01,45.64,0.347,2446,4.64,19.85,NORMAL
2026-09-30 09:57:39,CNC_01,50.06,0.218,2486,5.09,11.57,NORMAL
2026-09-30 09:57:41,CNC_01,46.06,0.337,2585,5.47,13.75,NORMAL
2026-09-30 09:57:42,CNC_01,45.55,0.218,2432,4.65,16.52,NORMAL
2026-09-30 09:57:43,CNC_01,47.09,0.357,2512,4.78,8.58,NORMAL
2026-09-30 09:57:44,CNC_01,52.25,0.387,2508,4.01,6.8,WARNING
2026-09-30 09:57:45,CNC_01,52.73,0.243,2525,4.78,14.39,WARNING
2026-09-30 09:57:46,CNC_01,48.02,0.462,2463,4.11,11.25,WARNING
2026-09-30 09:57:47,CNC_01,46.43,0.397,2477,5.25,19.82,NORMAL
2026-09-30 09:57:48,CNC_01,46.8,0.331,2477,5.17,5.69,NORMAL
2026-09-30 09:57:49,CNC_01,51.88,0.154,2434,3.8,8.08,NORMAL
2026-09-30 09:57:50,CNC_01,51.41,0.188,2495,4.77,8.12,NORMAL
2026-09-30 09:57:51,CNC_01,51.29,0.111,2570,3.63,7.77,NORMAL
2026-09-30 09:57:52,CNC_01,43.95,0.19,2597,4.38,17.63,NORMAL
2026-09-30 09:57:53,CNC_01,52.3,0.289,2442,4.31,13.21,WARNING
2026-09-30 09:57:54,CNC_01,42.98,0.169,2486,5.22,10.35,NORMAL
2026-09-30 09:57:55,CNC_01,46.99,0.204,2425,4.47,9.24,NORMAL
2026-09-30 09:57:56,CNC_01,51.31,0.385,2550,4.23,19.96,NORMAL
2026-09-30 09:57:57,CNC_01,44.09,0.191,2424,3.5,15.12,NORMAL
2026-09-30 09:57:58,CNC_01,40.95,0.331,2436,4.55,6.64,NORMAL
2026-09-30 09:57:59,CNC_01,48.8,0.442,2451,4.29,18.17,NORMAL
2026-09-30 09:58:00,CNC_01,41.44,0.308,2428,5.1,15.83,NORMAL
2026-09-30 09:58:01,CNC_01,43.77,0.487,2489,4.45,18.97,WARNING
2026-09-30 09:58:02,CNC_01,52.27,0.114,2499,4.51,8.25,WARNING
2026-09-30 09:58:03,CNC_01,44.07,0.102,2541,5.32,9.62,NORMAL
2026-09-30 09:58:04,CNC_01,40.39,0.219,2467,3.51,5.93,NORMAL
2026-09-30 09:58:05,CNC_01,42.78,0.408,2424,4.49,17.84,NORMAL
2026-09-30 09:58:06,CNC_01,43.14,0.137,2446,3.87,6.7,NORMAL
2026-09-30 09:58:07,CNC_01,54.73,0.231,2569,3.7,19.42,WARNING
2026-09-30 09:58:08,CNC_01,52.86,0.35,2453,4.03,12.02,WARNING
2026-09-30 09:58:09,CNC_01,45.84,0.418,2434,3.8,6.68,NORMAL
2026-09-30 09:58:10,CNC_01,54.17,0.196,2581,5.49,15.96,WARNING
2026-09-30 09:58:11,CNC_01,50.98,0.405,2529,4.28,14.44,NORMAL
2026-09-30 09:58:12,CNC_01,51.02,0.418,2449,4.21,13.89,NORMAL
2026-09-30 09:58:13,CNC_01,50.5,0.105,2454,4.32,19.48,NORMAL
2026-09-30 09:58:14,CNC_01,45.4,0.35,2499,3.74,10.98,NORMAL
2026-09-30 09:58:15,CNC_01,50.38,0.316,2425,3.75,6.61,NORMAL
2026-09-30 09:58:16,CNC_01,46.39,0.101,2598,5.33,16.52,NORMAL
2026-09-30 09:58:17,CNC_01,53.13,0.446,2428,3.57,14.35,WARNING
2026-09-30 09:58:18,CNC_01,54.6,0.334,2431,3.94,10.63,WARNING
2026-09-30 09:58:19,CNC_01,52.14,0.451,2549,4.48,12.64,WARNING
2026-09-30 09:58:20,CNC_01,49.33,0.429,2503,5.46,7.32,NORMAL
2026-09-30 09:58:21,CNC_01,52.44,0.206,2524,4.2,14.07,WARNING
2026-09-30 09:58:22,CNC_01,40.18,0.264,2418,3.62,13.3,NORMAL
2026-09-30 09:58:23,CNC_01,43.11,0.364,2544,5.2,16.86,NORMAL
2026-09-30 09:58:24,CNC_01,50.96,0.159,2419,3.59,9.67,NORMAL
2026-09-30 09:58:25,CNC_01,55.0,0.409,2463,4.43,11.67,WARNING
2026-09-30 09:58:26,CNC_01,51.32,0.109,2412,5.34,6.96,NORMAL
2026-09-30 09:58:27,CNC_01,53.59,0.312,2464,3.8,12.45,WARNING
2026-09-30 09:58:28,CNC_01,41.88,0.127,2444,3.89,10.88,NORMAL
2026-09-30 09:58:29,CNC_01,41.19,0.228,2489,4.11,17.51,NORMAL
2026-09-30 09:58:30,CNC_01,43.86,0.155,2450,5.24,6.99,NORMAL
2026-09-30 09:58:31,CNC_01,41.57,0.27,2583,5.0,13.64,NORMAL
2026-09-30 09:58:32,CNC_01,43.85,0.403,2588,4.48,10.61,NORMAL
2026-09-30 09:58:33,CNC_01,53.13,0.142,2474,4.88,14.61,WARNING
2026-09-30 09:58:34,CNC_01,53.57,0.359,2600,5.39,13.84,WARNING
2026-09-30 09:58:35,CNC_01,46.98,0.289,2533,4.15,18.07,NORMAL
2026-09-30 09:58:36,CNC_01,44.11,0.352,2507,4.35,15.85,NORMAL
2026-09-30 09:58:37,CNC_01,45.55,0.275,2470,4.94,15.44,NORMAL
2026-09-30 09:58:38,CNC_01,53.49,0.464,2528,3.76,15.38,WARNING
2026-09-30 09:58:39,CNC_01,45.78,0.462,2426,4.44,13.53,WARNING
2026-09-30 09:58:40,CNC_01,53.43,0.422,2485,5.17,17.32,WARNING
2026-09-30 09:58:41,CNC_01,43.98,0.389,2591,3.58,15.78,NORMAL
2026-09-30 09:58:42,CNC_01,47.55,0.462,2486,4.02,8.8,WARNING
2026-09-30 09:58:43,CNC_01,44.37,0.135,2523,4.25,7.04,NORMAL
2026-09-30 09:58:44,CNC_01,44.69,0.401,2424,3.54,10.38,NORMAL
2026-09-30 09:58:45,CNC_01,46.31,0.252,2541,4.05,13.94,NORMAL
2026-09-30 09:58:46,CNC_01,53.21,0.129,2439,4.17,5.81,WARNING
2026-09-30 09:58:47,CNC_01,47.81,0.368,2418,4.02,5.61,NORMAL
2026-09-30 09:58:48,CNC_01,40.93,0.199,2404,5.37,5.48,NORMAL
2026-09-30 09:58:49,CNC_01,42.44,0.465,2499,3.56,19.06,WARNING
2026-09-30 09:58:50,CNC_01,45.06,0.185,2558,4.44,14.54,NORMAL
2026-09-30 09:58:51,CNC_01,49.19,0.1,2447,5.46,19.95,NORMAL
2026-09-30 09:58:52,CNC_01,49.04,0.115,2465,4.68,18.62,NORMAL
2026-09-30 09:58:53,CNC_01,45.76,0.342,2495,4.71,7.43,NORMAL
2026-09-30 09:58:54,CNC_01,44.39,0.262,2438,4.94,14.86,NORMAL
2026-09-30 09:58:55,CNC_01,53.28,0.468,2566,4.82,18.52,WARNING
2026-09-30 09:58:56,CNC_01,45.31,0.438,2600,5.05,12.77,NORMAL
2026-09-30 09:58:57,CNC_01,51.07,0.482,2403,4.82,10.29,WARNING
2026-09-30 09:58:58,CNC_01,40.69,0.403,2438,4.0,6.02,NORMAL
2026-09-30 09:58:59,CNC_01,51.22,0.124,2585,4.22,5.2,NORMAL
2026-09-30 09:59:00,CNC_01,41.69,0.466,2464,4.55,17.21,WARNING
2026-09-30 09:59:01,CNC_01,49.7,0.479,2459,5.41,18.42,WARNING
2026-09-30 09:59:02,CNC_01,41.21,0.128,2511,5.25,10.01,NORMAL
2026-09-30 09:59:03,CNC_01,48.48,0.497,2582,3.93,8.98,WARNING
2026-09-30 09:59:04,CNC_01,46.44,0.493,2535,4.15,18.26,WARNING
2026-09-30 09:59:05,CNC_01,43.33,0.108,2574,5.24,18.47,NORMAL
2026-09-30 09:59:06,CNC_01,49.83,0.377,2554,3.64,11.4,NORMAL
2026-09-30 09:59:07,CNC_01,53.05,0.222,2558,3.65,15.12,WARNING
2026-09-30 09:59:08,CNC_01,41.39,0.287,2532,3.72,7.78,NORMAL
2026-09-30 09:59:09,CNC_01,49.68,0.417,2592,4.67,5.61,NORMAL
2026-09-30 09:59:10,CNC_01,43.74,0.195,2458,5.27,17.63,NORMAL
2026-09-30 09:59:11,CNC_01,41.59,0.159,2490,4.44,19.37,NORMAL
2026-09-30 09:59:12,CNC_01,48.72,0.414,2496,5.31,16.83,NORMAL
2026-09-30 09:59:13,CNC_01,54.69,0.395,2588,3.96,14.64,WARNING
2026-09-30 09:59:14,CNC_01,42.62,0.22,2445,5.09,12.79,NORMAL
2026-09-30 09:59:15,CNC_01,42.3,0.285,2552,4.97,17.43,NORMAL
2026-09-30 09:59:16,CNC_01,48.35,0.271,2400,4.35,7.39,NORMAL
2026-09-30 09:59:17,CNC_01,50.67,0.484,2403,4.48,11.2,WARNING
2026-09-30 09:59:18,CNC_01,49.79,0.111,2566,5.44,18.91,NORMAL
2026-09-30 09:59:19,CNC_01,42.31,0.371,2460,4.65,18.28,NORMAL
2026-09-30 09:59:20,CNC_01,41.52,0.434,2435,3.75,12.9,NORMAL
2026-09-30 09:59:21,CNC_01,51.1,0.326,2547,4.82,6.51,NORMAL
2026-09-30 09:59:22,CNC_01,47.32,0.363,2414,4.03,16.13,NORMAL
2026-09-30 09:59:23,CNC_01,54.39,0.245,2506,5.21,9.53,WARNING
2026-09-30 09:59:24,CNC_01,51.75,0.241,2454,5.13,17.48,NORMAL
2026-09-30 09:59:25,CNC_01,40.41,0.418,2475,4.48,5.57,NORMAL
2026-09-30 09:59:26,CNC_01,47.35,0.426,2426,4.91,19.84,NORMAL
2026-09-30 09:59:27,CNC_01,45.03,0.398,2570,4.46,18.25,NORMAL
2026-09-30 09:59:28,CNC_01,46.64,0.334,2502,3.9,9.36,NORMAL
2026-09-30 09:59:29,CNC_01,49.9,0.244,2416,3.99,12.48,NORMAL
2026-09-30 09:59:30,CNC_01,42.54,0.325,2544,3.62,8.1,NORMAL
2026-09-30 09:59:31,CNC_01,43.54,0.31,2498,5.02,19.69,NORMAL
2026-09-30 09:59:32,CNC_01,53.76,0.341,2498,4.9,8.26,WARNING
2026-09-30 09:59:33,CNC_01,49.25,0.183,2497,4.96,13.81,NORMAL
2026-09-30 09:59:34,CNC_01,44.83,0.195,2445,4.58,12.17,NORMAL
2026-09-30 09:59:35,CNC_01,51.7,0.33,2487,4.05,17.84,NORMAL
2026-09-30 09:59:36,CNC_01,44.91,0.321,2427,5.3,6.45,NORMAL
2026-09-30 09:59:37,CNC_01,44.57,0.353,2421,4.17,7.88,NORMAL
2026-09-30 09:59:38,CNC_01,54.56,0.481,2511,4.85,5.87,WARNING
2026-09-30 09:59:39,CNC_01,43.84,0.144,2550,4.46,9.18,NORMAL
2026-09-30 09:59:40,CNC_01,47.4,0.397,2546,4.25,9.32,NORMAL
2026-09-30 09:59:41,CNC_01,54.61,0.376,2468,4.37,7.13,WARNING
2026-09-30 09:59:42,CNC_01,46.32,0.253,2522,4.43,14.14,NORMAL
2026-09-30 09:59:43,CNC_01,44.02,0.468,2532,3.88,13.94,WARNING
2026-09-30 09:59:44,CNC_01,54.01,0.491,2577,4.15,16.83,WARNING
2026-09-30 09:59:45,CNC_01,47.13,0.301,2547,4.45,17.66,NORMAL
2026-09-30 09:59:46,CNC_01,54.43,0.339,2433,5.03,14.65,WARNING
2026-09-30 09:59:47,CNC_01,41.63,0.413,2589,5.03,16.67,NORMAL
2026-09-30 09:59:48,CNC_01,44.72,0.289,2500,3.8,19.88,NORMAL
2026-09-30 09:59:49,CNC_01,49.3,0.118,2431,4.62,18.59,NORMAL
2026-09-30 09:59:50,CNC_01,41.36,0.317,2437,3.54,8.46,NORMAL
2026-09-30 09:59:51,CNC_01,40.92,0.413,2434,4.71,17.28,NORMAL
2026-09-30 09:59:52,CNC_01,52.44,0.465,2545,3.81,5.06,WARNING
2026-09-30 09:59:53,CNC_01,43.8,0.26,2452,5.15,12.53,NORMAL
2026-09-30 09:59:54,CNC_01,48.79,0.254,2563,3.84,18.49,NORMAL
2026-09-30 09:59:55,CNC_01,45.36,0.107,2506,5.16,9.35,NORMAL
2026-09-30 09:59:56,CNC_01,43.5,0.163,2533,5.36,7.86,NORMAL
2026-09-30 09:59:57,CNC_01,42.75,0.171,2479,4.12,16.52,NORMAL
2026-09-30 09:59:58,CNC_01,45.79,0.213,2403,4.14,11.72,NORMAL
2026-09-30 09:59:59,CNC_01,43.1,0.483,2521,3.75,12.06,WARNING
2026-09-30 10:00:00,CNC_01,53.82,0.185,2403,5.08,7.46,WARNING
2026-09-30 10:00:01,CNC_01,43.75,0.306,2527,4.55,19.61,NORMAL
2026-09-30 10:00:02,CNC_01,50.44,0.129,2483,4.61,8.86,NORMAL
2026-09-30 10:00:03,CNC_01,40.98,0.125,2473,4.52,17.49,NORMAL
2026-09-30 10:00:04,CNC_01,50.88,0.137,2474,4.3,15.04,NORMAL
2026-09-30 10:00:05,CNC_01,44.0,0.41,2401,4.15,6.71,NORMAL
2026-09-30 10:00:06,CNC_01,52.15,0.325,2445,5.12,13.24,WARNING
2026-09-30 10:00:07,CNC_01,54.14,0.135,2447,4.01,13.31,WARNING
2026-09-30 10:00:08,CNC_01,53.41,0.379,2547,4.86,6.62,WARNING
2026-09-30 10:00:09,CNC_01,49.96,0.19,2445,4.19,11.43,NORMAL
2026-09-30 10:00:10,CNC_01,40.77,0.184,2570,4.51,17.92,NORMAL
2026-09-30 10:00:11,CNC_01,40.99,0.134,2508,4.49,19.08,NORMAL
2026-09-30 10:00:12,CNC_01,50.96,0.22,2432,4.69,9.82,NORMAL
2026-09-30 10:00:13,CNC_01,43.28,0.233,2528,3.85,16.1,NORMAL
2026-09-30 10:00:14,CNC_01,43.47,0.474,2415,5.48,18.15,WARNING
2026-09-30 10:00:15,CNC_01,43.74,0.281,2488,5.44,5.39,NORMAL
2026-09-30 10:00:16,CNC_01,40.61,0.186,2504,5.39,5.72,NORMAL
2026-09-30 10:00:17,CNC_01,46.97,0.417,2564,5.43,7.4,NORMAL
2026-09-30 10:00:18,CNC_01,43.78,0.313,2521,4.98,14.25,NORMAL
2026-09-30 10:00:19,CNC_01,47.73,0.12,2467,4.42,9.05,NORMAL
2026-09-30 10:00:20,CNC_01,45.39,0.194,2448,5.19,5.19,NORMAL
2026-09-30 10:00:21,CNC_01,43.59,0.133,2490,4.94,7.31,NORMAL
2026-09-30 10:00:22,CNC_01,42.05,0.155,2571,4.95,15.07,NORMAL
2026-09-30 10:00:23,CNC_01,50.19,0.188,2452,4.57,19.61,NORMAL
2026-09-30 10:00:24,CNC_01,54.19,0.108,2537,5.36,13.02,WARNING
2026-09-30 10:00:25,CNC_01,52.27,0.162,2406,4.54,19.78,WARNING
2026-09-30 10:00:26,CNC_01,51.31,0.112,2425,4.5,7.64,NORMAL
2026-09-30 10:00:27,CNC_01,50.88,0.31,2490,3.69,12.47,NORMAL
2026-09-30 10:00:28,CNC_01,46.29,0.133,2529,4.63,7.69,NORMAL
2026-09-30 10:00:29,CNC_01,53.0,0.239,2431,4.58,7.74,WARNING
2026-09-30 10:00:30,CNC_01,53.85,0.202,2566,5.45,13.77,WARNING
2026-09-30 10:00:31,CNC_01,52.02,0.225,2487,4.36,6.05,WARNING
2026-09-30 10:00:32,CNC_01,40.91,0.417,2444,3.99,6.16,NORMAL
2026-09-30 10:00:33,CNC_01,46.14,0.106,2442,3.54,6.1,NORMAL
2026-09-30 10:00:34,CNC_01,54.11,0.43,2463,5.15,18.42,WARNING
2026-09-30 10:00:35,CNC_01,49.23,0.24,2448,4.97,7.39,NORMAL
2026-09-30 10:00:36,CNC_01,45.94,0.466,2424,4.63,15.67,WARNING
2026-09-30 10:00:37,CNC_01,54.84,0.303,2529,5.13,7.24,WARNING
2026-09-30 10:00:38,CNC_01,53.88,0.255,2484,4.45,11.93,WARNING
2026-09-30 10:00:39,CNC_01,43.8,0.306,2529,4.33,6.84,NORMAL
2026-09-30 10:00:40,CNC_01,54.19,0.427,2599,5.34,14.09,WARNING
2026-09-30 10:00:41,CNC_01,48.92,0.229,2520,5.35,10.88,NORMAL
2026-09-30 10:00:42,CNC_01,54.47,0.139,2509,4.19,19.39,WARNING
2026-09-30 10:00:43,CNC_01,46.27,0.385,2438,5.23,10.02,NORMAL
2026-09-30 10:00:44,CNC_01,54.9,0.243,2446,4.33,5.22,WARNING
2026-09-30 10:00:45,CNC_01,41.21,0.252,2475,4.09,10.48,NORMAL
2026-09-30 10:00:46,CNC_01,54.54,0.346,2422,4.81,18.97,WARNING
2026-09-30 10:00:47,CNC_01,46.89,0.349,2519,5.45,19.19,NORMAL
2026-09-30 10:00:48,CNC_01,42.1,0.475,2557,4.8,18.77,WARNING
2026-09-30 10:00:49,CNC_01,48.04,0.325,2565,4.46,18.16,NORMAL
2026-09-30 10:00:50,CNC_01,40.15,0.324,2451,3.92,8.02,NORMAL
2026-09-30 10:00:51,CNC_01,45.55,0.343,2445,4.62,16.08,NORMAL
2026-09-30 10:00:52,CNC_01,48.07,0.477,2462,3.84,6.56,WARNING
2026-09-30 10:00:53,CNC_01,45.61,0.178,2412,4.48,19.5,NORMAL
2026-09-30 10:00:54,CNC_01,48.71,0.328,2585,4.39,10.08,NORMAL
2026-09-30 10:00:55,CNC_01,54.71,0.161,2448,5.26,7.27,WARNING
2026-09-30 10:00:56,CNC_01,40.32,0.107,2486,4.36,15.62,NORMAL
2026-09-30 10:00:57,CNC_01,48.62,0.43,2492,5.42,14.97,NORMAL
2026-09-30 10:00:58,CNC_01,40.22,0.118,2505,4.37,6.35,NORMAL
2026-09-30 10:00:59,CNC_01,45.7,0.199,2436,4.98,19.86,NORMAL
2026-09-30 10:01:00,CNC_01,52.85,0.479,2472,4.12,19.21,WARNING
2026-09-30 10:01:01,CNC_01,48.87,0.255,2452,5.2,7.13,NORMAL
2026-09-30 10:01:02,CNC_01,47.2,0.209,2443,4.74,9.15,NORMAL
2026-09-30 10:01:03,CNC_01,42.87,0.303,2557,3.98,6.07,NORMAL
2026-09-30 10:01:04,CNC_01,53.23,0.142,2422,5.36,5.27,WARNING
2026-09-30 10:01:05,CNC_01,45.41,0.246,2430,5.49,17.72,NORMAL
2026-09-30 10:01:06,CNC_01,42.62,0.319,2426,4.99,5.06,NORMAL
2026-09-30 10:01:07,CNC_01,46.03,0.211,2501,4.68,18.17,NORMAL
2026-09-30 10:01:08,CNC_01,40.41,0.224,2456,3.81,12.78,NORMAL
2026-09-30 10:01:09,CNC_01,49.82,0.366,2548,3.58,11.53,NORMAL
2026-09-30 10:01:10,CNC_01,50.61,0.372,2423,4.8,18.68,NORMAL
2026-09-30 10:01:11,CNC_01,51.14,0.47,2489,3.88,19.47,WARNING
2026-09-30 10:01:12,CNC_01,45.61,0.336,2526,4.28,6.88,NORMAL
2026-09-30 10:01:13,CNC_01,51.31,0.214,2574,4.92,19.61,NORMAL
2026-09-30 10:01:14,CNC_01,50.34,0.185,2538,4.33,17.75,NORMAL
2026-09-30 10:01:15,CNC_01,45.73,0.306,2516,3.62,7.85,NORMAL
2026-09-30 10:01:16,CNC_01,43.11,0.331,2492,5.18,10.69,NORMAL
2026-09-30 10:01:17,CNC_01,45.71,0.282,2597,4.53,10.54,NORMAL
2026-09-30 10:01:18,CNC_01,45.77,0.391,2573,3.94,16.85,NORMAL
2026-09-30 10:01:19,CNC_01,44.04,0.187,2461,4.19,9.17,NORMAL
2026-09-30 10:01:20,CNC_01,53.55,0.271,2585,3.94,9.04,WARNING
2026-09-30 10:01:21,CNC_01,53.58,0.316,2551,4.23,8.68,WARNING
2026-09-30 10:01:22,CNC_01,43.62,0.346,2471,5.0,19.64,NORMAL
2026-09-30 10:01:23,CNC_01,51.99,0.243,2454,4.37,10.71,NORMAL
2026-09-30 10:01:24,CNC_01,44.67,0.364,2488,4.25,16.01,NORMAL
2026-09-30 10:01:25,CNC_01,49.43,0.186,2548,4.82,16.93,NORMAL
2026-09-30 10:01:26,CNC_01,49.66,0.159,2419,4.09,11.03,NORMAL
2026-09-30 10:01:27,CNC_01,50.81,0.195,2523,4.17,11.86,NORMAL
2026-09-30 10:01:28,CNC_01,52.79,0.376,2411,4.2,11.47,WARNING
2026-09-30 10:01:29,CNC_01,40.86,0.375,2567,4.83,7.63,NORMAL
2026-09-30 10:01:30,CNC_01,44.16,0.144,2475,5.43,5.58,NORMAL
2026-09-30 10:01:31,CNC_01,52.77,0.34,2456,3.54,14.19,WARNING
2026-09-30 10:01:32,CNC_01,40.3,0.204,2582,5.04,19.91,NORMAL
2026-09-30 10:01:33,CNC_01,43.68,0.365,2467,4.65,13.33,NORMAL
2026-09-30 10:01:34,CNC_01,51.5,0.257,2484,4.37,19.56,NORMAL
2026-09-30 10:01:35,CNC_01,47.39,0.117,2469,5.08,8.07,NORMAL
2026-09-30 10:01:36,CNC_01,49.49,0.145,2597,4.65,16.19,NORMAL
2026-09-30 10:01:37,CNC_01,52.92,0.166,2537,5.4,17.07,WARNING
2026-09-30 10:01:38,CNC_01,45.54,0.433,2568,5.04,18.22,NORMAL
2026-09-30 10:01:39,CNC_01,47.52,0.336,2570,5.26,8.77,NORMAL
2026-09-30 10:01:40,CNC_01,51.04,0.306,2432,4.22,8.96,NORMAL
2026-09-30 10:01:41,CNC_01,42.14,0.342,2463,4.9,11.23,NORMAL
2026-09-30 10:01:42,CNC_01,52.76,0.134,2511,4.05,14.83,WARNING
2026-09-30 10:01:43,CNC_01,45.33,0.125,2489,3.86,19.03,NORMAL
2026-09-30 10:01:44,CNC_01,52.31,0.322,2494,4.75,5.91,WARNING
2026-09-30 10:01:45,CNC_01,50.21,0.157,2477,4.45,8.66,NORMAL
2026-09-30 10:01:46,CNC_01,42.52,0.444,2504,4.05,8.75,NORMAL
2026-09-30 10:01:47,CNC_01,52.71,0.433,2583,4.3,14.3,WARNING
2026-09-30 10:01:48,CNC_01,50.12,0.263,2418,5.18,5.58,NORMAL
2026-09-30 10:01:49,CNC_01,52.69,0.385,2467,3.52,6.68,WARNING
2026-09-30 10:01:50,CNC_01,40.9,0.13,2574,4.55,18.13,NORMAL
2026-09-30 10:01:51,CNC_01,50.56,0.189,2469,3.88,10.97,NORMAL
2026-09-30 10:01:52,CNC_01,44.72,0.339,2436,5.45,5.36,NORMAL
2026-09-30 10:01:53,CNC_01,53.34,0.111,2569,5.3,14.93,WARNING
2026-09-30 10:01:54,CNC_01,43.74,0.446,2446,3.79,11.8,NORMAL
2026-09-30 10:01:55,CNC_01,42.42,0.433,2543,3.94,18.02,NORMAL
2026-09-30 10:01:56,CNC_01,49.81,0.339,2483,5.25,18.81,NORMAL
2026-09-30 10:01:57,CNC_01,51.68,0.249,2476,5.41,13.44,NORMAL
2026-09-30 10:01:58,CNC_01,45.8,0.284,2467,4.32,19.78,NORMAL
2026-09-30 10:01:59,CNC_01,45.07,0.111,2457,4.24,10.35,NORMAL
2026-09-30 10:02:00,CNC_01,42.22,0.158,2498,4.38,16.38,NORMAL
2026-09-30 10:02:01,CNC_01,51.14,0.179,2466,5.01,6.86,NORMAL
2026-09-30 10:02:02,CNC_01,44.56,0.286,2486,4.45,5.53,NORMAL
2026-09-30 10:02:03,CNC_01,45.9,0.354,2476,4.89,16.83,NORMAL
2026-09-30 10:02:04,CNC_01,52.67,0.187,2476,5.3,16.69,WARNING
2026-09-30 10:02:05,CNC_01,51.56,0.223,2415,3.88,6.81,NORMAL
2026-09-30 10:02:06,CNC_01,40.43,0.141,2472,4.32,12.34,NORMAL
2026-09-30 10:02:07,CNC_01,43.74,0.331,2426,5.05,15.0,NORMAL
2026-09-30 10:02:08,CNC_01,44.38,0.427,2434,3.63,7.51,NORMAL
2026-09-30 10:02:09,CNC_01,46.71,0.32,2421,4.9,8.0,NORMAL
2026-09-30 10:02:10,CNC_01,42.51,0.263,2427,5.0,13.31,NORMAL
2026-09-30 10:02:11,CNC_01,46.91,0.24,2504,5.03,17.47,NORMAL
2026-09-30 10:02:12,CNC_01,43.56,0.481,2503,5.49,5.48,WARNING
2026-09-30 10:02:13,CNC_01,49.47,0.412,2531,4.48,18.14,NORMAL
2026-09-30 10:02:14,CNC_01,50.78,0.35,2453,5.42,8.2,NORMAL
2026-09-30 10:02:15,CNC_01,45.61,0.102,2539,3.72,16.07,NORMAL
2026-09-30 10:02:17,CNC_01,52.56,0.429,2518,3.8,9.33,WARNING
2026-09-30 10:02:18,CNC_01,53.91,0.146,2525,4.74,8.35,WARNING
2026-09-30 10:02:19,CNC_01,48.59,0.218,2437,4.08,18.25,NORMAL
2026-09-30 10:02:20,CNC_01,46.27,0.16,2406,5.19,7.82,NORMAL
2026-09-30 10:02:21,CNC_01,44.28,0.168,2495,4.26,7.62,NORMAL
2026-09-30 10:02:22,CNC_01,53.71,0.424,2542,3.68,12.35,WARNING
2026-09-30 10:02:23,CNC_01,43.04,0.115,2462,5.08,15.62,NORMAL
2026-09-30 10:02:24,CNC_01,45.83,0.223,2480,4.36,6.6,NORMAL
2026-09-30 10:02:25,CNC_01,47.99,0.283,2436,4.72,13.53,NORMAL
2026-09-30 10:02:26,CNC_01,40.8,0.417,2569,3.94,12.83,NORMAL
2026-09-30 10:02:27,CNC_01,48.8,0.405,2437,3.59,11.35,NORMAL
2026-09-30 10:02:28,CNC_01,48.5,0.227,2542,4.6,17.1,NORMAL
2026-09-30 10:02:29,CNC_01,51.39,0.439,2459,5.29,6.54,NORMAL
2026-09-30 10:02:30,CNC_01,41.72,0.247,2437,5.44,8.49,NORMAL
2026-09-30 10:02:31,CNC_01,48.78,0.415,2466,3.68,19.94,NORMAL
2026-09-30 10:02:32,CNC_01,44.31,0.481,2544,4.64,11.2,WARNING
2026-09-30 10:02:33,CNC_01,40.33,0.201,2574,4.0,7.92,NORMAL
2026-09-30 10:02:34,CNC_01,53.14,0.224,2551,5.48,8.82,WARNING
2026-09-30 10:02:35,CNC_01,45.99,0.474,2479,5.21,15.4,WARNING
2026-09-30 10:02:36,CNC_01,40.64,0.209,2403,4.11,6.13,NORMAL
2026-09-30 10:02:37,CNC_01,51.7,0.293,2587,3.91,9.66,NORMAL
2026-09-30 10:02:38,CNC_01,52.51,0.283,2569,4.31,8.05,WARNING
2026-09-30 10:02:39,CNC_01,46.16,0.204,2531,4.18,12.71,NORMAL
2026-09-30 10:02:40,CNC_01,45.54,0.472,2417,4.52,16.5,WARNING
2026-09-30 10:02:41,CNC_01,54.31,0.336,2443,5.31,19.39,WARNING
2026-09-30 10:02:42,CNC_01,53.89,0.252,2443,3.52,12.88,WARNING
2026-09-30 10:02:43,CNC_01,46.26,0.35,2476,4.91,14.9,NORMAL
2026-09-30 10:02:44,CNC_01,48.14,0.45,2593,3.57,12.77,NORMAL
2026-09-30 10:02:45,CNC_01,53.25,0.146,2537,5.16,12.65,WARNING
2026-09-30 10:02:46,CNC_01,40.1,0.337,2424,5.14,9.64,NORMAL
2026-09-30 10:02:47,CNC_01,44.71,0.462,2511,4.35,18.5,WARNING
2026-09-30 10:02:48,CNC_01,47.58,0.492,2534,3.66,6.34,WARNING
2026-09-30 10:02:49,CNC_01,41.54,0.237,2459,5.16,13.63,NORMAL
2026-09-30 10:02:50,CNC_01,51.63,0.197,2543,4.64,16.07,NORMAL
2026-09-30 10:02:51,CNC_01,51.95,0.298,2468,3.59,5.67,NORMAL
2026-09-30 10:02:52,CNC_01,52.89,0.261,2532,3.91,8.28,WARNING
2026-09-30 10:02:53,CNC_01,42.33,0.327,2562,4.45,18.98,NORMAL
2026-09-30 10:02:54,CNC_01,49.09,0.224,2543,5.32,19.04,NORMAL
2026-09-30 10:02:55,CNC_01,50.57,0.311,2562,4.23,11.34,NORMAL
2026-09-30 10:02:56,CNC_01,46.31,0.105,2559,4.01,15.61,NORMAL
2026-09-30 10:02:57,CNC_01,45.86,0.155,2579,4.82,8.12,NORMAL
2026-09-30 10:02:58,CNC_01,43.35,0.109,2400,5.27,18.85,NORMAL
2026-09-30 10:02:59,CNC_01,44.63,0.135,2576,3.96,7.63,NORMAL
2026-09-30 10:03:00,CNC_01,52.61,0.358,2441,3.97,16.24,WARNING
2026-09-30 10:03:01,CNC_01,45.29,0.169,2421,4.01,10.51,NORMAL
2026-09-30 10:03:02,CNC_01,45.4,0.114,2415,3.6,9.86,NORMAL
2026-09-30 10:03:03,CNC_01,46.61,0.117,2576,5.21,6.46,NORMAL
2026-09-30 10:03:04,CNC_01,50.8,0.243,2518,3.99,10.25,NORMAL
2026-09-30 10:03:05,CNC_01,42.02,0.169,2454,3.84,12.04,NORMAL
2026-09-30 10:03:06,CNC_01,46.13,0.413,2586,3.6,6.19,NORMAL
2026-09-30 10:03:07,CNC_01,43.26,0.202,2548,4.77,9.45,NORMAL
2026-09-30 10:03:08,CNC_01,44.35,0.488,2480,3.75,9.54,WARNING
2026-09-30 10:03:09,CNC_01,41.48,0.316,2444,4.32,17.16,NORMAL
2026-09-30 10:03:10,CNC_01,52.98,0.322,2520,3.6,8.22,WARNING
2026-09-30 10:03:11,CNC_01,46.72,0.269,2498,3.9,15.82,NORMAL
2026-09-30 10:03:12,CNC_01,45.17,0.205,2521,3.56,15.62,NORMAL
2026-09-30 10:03:13,CNC_01,44.18,0.341,2400,3.84,15.62,NORMAL
2026-09-30 10:03:14,CNC_01,43.24,0.134,2499,3.95,5.16,NORMAL
2026-09-30 10:03:15,CNC_01,54.21,0.142,2509,4.46,17.2,WARNING
2026-09-30 10:03:16,CNC_01,47.17,0.185,2433,5.1,6.07,NORMAL
2026-09-30 10:03:17,CNC_01,45.22,0.247,2574,4.02,15.3,NORMAL
2026-09-30 10:03:18,CNC_01,48.21,0.433,2587,5.4,18.62,NORMAL
2026-09-30 10:03:19,CNC_01,46.79,0.184,2588,5.45,17.95,NORMAL
2026-09-30 10:03:20,CNC_01,48.98,0.335,2452,3.66,7.72,NORMAL
2026-09-30 10:03:21,CNC_01,52.27,0.198,2527,5.08,16.5,WARNING
2026-09-30 10:03:22,CNC_01,45.15,0.263,2490,5.19,18.2,NORMAL
2026-09-30 10:03:23,CNC_01,41.27,0.316,2506,3.83,19.64,NORMAL
2026-09-30 10:03:24,CNC_01,43.52,0.389,2531,5.47,18.63,NORMAL
2026-09-30 10:03:25,CNC_01,50.94,0.157,2598,5.42,13.84,NORMAL
2026-09-30 10:03:26,CNC_01,53.19,0.395,2443,4.2,8.45,WARNING
2026-09-30 10:03:27,CNC_01,51.9,0.364,2591,3.86,16.42,NORMAL
2026-09-30 10:03:28,CNC_01,52.57,0.378,2569,5.1,10.77,WARNING
2026-09-30 10:03:29,CNC_01,41.74,0.218,2546,4.43,13.68,NORMAL
2026-09-30 10:03:30,CNC_01,44.25,0.156,2575,3.69,7.72,NORMAL
2026-09-30 10:03:31,CNC_01,47.71,0.273,2421,3.9,9.25,NORMAL
2026-09-30 10:03:32,CNC_01,43.14,0.217,2407,5.35,15.82,NORMAL
2026-09-30 10:03:33,CNC_01,51.15,0.463,2497,4.59,5.67,WARNING
2026-09-30 10:03:34,CNC_01,40.53,0.209,2494,4.04,9.97,NORMAL
2026-09-30 10:03:35,CNC_01,50.18,0.311,2572,5.15,15.93,NORMAL
2026-09-30 10:03:36,CNC_01,40.66,0.257,2443,5.45,5.15,NORMAL
2026-09-30 10:03:37,CNC_01,48.34,0.455,2592,4.88,5.48,WARNING
2026-09-30 10:03:38,CNC_01,50.33,0.186,2447,3.95,17.26,NORMAL
2026-09-30 10:03:39,CNC_01,50.51,0.131,2497,5.11,7.59,NORMAL
2026-09-30 10:03:40,CNC_01,50.79,0.243,2442,5.24,5.16,NORMAL
2026-09-30 10:03:41,CNC_01,53.41,0.2,2421,5.44,16.18,WARNING
2026-09-30 10:03:42,CNC_01,40.18,0.45,2557,4.37,11.13,NORMAL
2026-09-30 10:03:43,CNC_01,48.05,0.116,2429,3.64,14.35,NORMAL
2026-09-30 10:03:44,CNC_01,42.2,0.271,2407,4.02,13.13,NORMAL
2026-09-30 10:03:45,CNC_01,54.79,0.186,2594,4.19,12.54,WARNING
2026-09-30 10:03:46,CNC_01,49.61,0.153,2582,3.71,6.36,NORMAL
2026-09-30 10:03:47,CNC_01,47.25,0.445,2568,5.1,13.53,NORMAL
2026-09-30 10:03:48,CNC_01,47.26,0.355,2585,4.37,5.06,NORMAL
2026-09-30 10:03:49,CNC_01,54.51,0.19,2428,5.16,10.25,WARNING
2026-09-30 10:03:51,CNC_01,43.89,0.312,2565,4.19,11.41,NORMAL
2026-09-30 10:03:52,CNC_01,40.41,0.244,2446,4.54,16.02,NORMAL
2026-09-30 10:03:53,CNC_01,40.17,0.46,2414,5.01,16.69,WARNING
2026-09-30 10:03:54,CNC_01,50.37,0.257,2597,4.14,18.74,NORMAL
2026-09-30 10:03:55,CNC_01,43.78,0.114,2473,5.45,16.75,NORMAL
2026-09-30 10:03:56,CNC_01,45.08,0.323,2489,4.21,11.02,NORMAL
2026-09-30 10:03:57,CNC_01,50.32,0.446,2545,5.19,14.22,NORMAL
2026-09-30 10:03:58,CNC_01,49.2,0.43,2589,4.46,18.28,NORMAL
2026-09-30 10:03:59,CNC_01,45.04,0.487,2556,4.51,10.71,WARNING
2026-09-30 10:04:00,CNC_01,50.76,0.384,2574,4.26,15.2,NORMAL
2026-09-30 10:04:01,CNC_01,41.7,0.347,2447,5.01,14.45,NORMAL
2026-09-30 10:04:02,CNC_01,47.73,0.196,2591,4.76,7.72,NORMAL
2026-09-30 10:04:03,CNC_01,51.0,0.31,2455,4.07,17.84,NORMAL
2026-09-30 10:04:04,CNC_01,44.86,0.341,2472,3.75,7.24,NORMAL
2026-09-30 10:04:05,CNC_01,51.87,0.174,2518,5.28,13.74,NORMAL
2026-09-30 10:04:06,CNC_01,48.64,0.359,2503,3.92,18.96,NORMAL
2026-09-30 10:04:07,CNC_01,45.23,0.302,2481,3.5,9.88,NORMAL
2026-09-30 10:04:08,CNC_01,50.68,0.339,2506,3.52,14.33,NORMAL
2026-09-30 10:04:09,CNC_01,45.87,0.219,2548,5.36,5.08,NORMAL
2026-09-30 10:04:10,CNC_01,40.45,0.181,2563,3.53,9.23,NORMAL
2026-09-30 10:04:11,CNC_01,51.33,0.333,2423,4.27,8.86,NORMAL
2026-09-30 10:04:12,CNC_01,45.95,0.418,2557,3.53,9.83,NORMAL
2026-09-30 10:04:13,CNC_01,53.7,0.163,2463,4.99,5.61,WARNING
2026-09-30 10:04:14,CNC_01,47.0,0.117,2514,3.75,16.12,NORMAL
2026-09-30 10:04:15,CNC_01,42.78,0.472,2417,4.83,13.94,WARNING
2026-09-30 10:04:16,CNC_01,43.55,0.168,2591,5.09,17.74,NORMAL
2026-09-30 10:04:17,CNC_01,41.88,0.235,2433,4.16,7.98,NORMAL
2026-09-30 10:04:18,CNC_01,40.38,0.317,2405,4.79,10.94,NORMAL
2026-09-30 10:04:19,CNC_01,48.15,0.115,2500,5.37,17.34,NORMAL
2026-09-30 10:04:20,CNC_01,43.65,0.39,2547,4.11,12.29,NORMAL
2026-09-30 10:04:21,CNC_01,41.73,0.177,2447,4.62,15.79,NORMAL
2026-09-30 10:04:22,CNC_01,45.73,0.427,2499,3.7,7.34,NORMAL
2026-09-30 10:04:23,CNC_01,47.63,0.38,2413,3.63,8.78,NORMAL
2026-09-30 10:04:24,CNC_01,47.48,0.145,2536,3.51,9.64,NORMAL
2026-09-30 10:04:25,CNC_01,42.49,0.404,2512,3.79,9.05,NORMAL
2026-09-30 10:04:26,CNC_01,52.01,0.23,2460,4.9,14.84,WARNING
2026-09-30 10:04:27,CNC_01,54.44,0.249,2522,3.69,15.72,WARNING
2026-09-30 10:04:28,CNC_01,53.12,0.497,2478,4.26,19.77,WARNING
2026-09-30 10:04:29,CNC_01,44.72,0.471,2590,4.02,8.48,WARNING
2026-09-30 10:04:30,CNC_01,52.94,0.49,2434,4.17,17.45,WARNING
2026-09-30 10:04:31,CNC_01,49.67,0.186,2475,4.47,6.54,NORMAL
2026-09-30 10:04:32,CNC_01,43.44,0.362,2436,4.22,12.29,NORMAL
2026-09-30 10:04:33,CNC_01,53.05,0.3,2515,5.06,9.09,WARNING
2026-09-30 10:04:34,CNC_01,45.33,0.342,2505,5.47,16.39,NORMAL
2026-09-30 10:04:35,CNC_01,48.9,0.485,2524,3.64,11.8,WARNING
2026-09-30 10:04:36,CNC_01,42.13,0.161,2538,5.02,19.1,NORMAL
2026-09-30 10:04:37,CNC_01,47.49,0.205,2582,4.8,11.5,NORMAL
2026-09-30 10:04:38,CNC_01,43.19,0.295,2453,4.37,19.53,NORMAL
2026-09-30 10:04:39,CNC_01,51.06,0.269,2522,3.7,18.78,NORMAL
2026-09-30 10:04:40,CNC_01,40.98,0.382,2459,3.93,18.77,NORMAL
2026-09-30 10:04:41,CNC_01,46.65,0.466,2507,4.18,17.83,WARNING
2026-09-30 10:04:42,CNC_01,53.94,0.453,2545,3.77,17.53,WARNING
2026-09-30 10:04:43,CNC_01,51.37,0.404,2506,4.3,13.51,NORMAL
2026-09-30 10:04:44,CNC_01,50.36,0.114,2529,4.81,17.47,NORMAL
2026-09-30 10:04:45,CNC_01,40.91,0.402,2568,4.79,13.13,NORMAL
2026-09-30 10:04:46,CNC_01,47.15,0.361,2550,5.1,15.1,NORMAL
2026-09-30 10:04:47,CNC_01,41.04,0.258,2421,5.06,15.23,NORMAL
2026-09-30 10:04:48,CNC_01,46.9,0.18,2599,4.27,17.02,NORMAL
2026-09-30 10:04:49,CNC_01,45.78,0.279,2596,4.4,14.38,NORMAL
2026-09-30 10:04:50,CNC_01,52.53,0.314,2462,3.98,15.97,WARNING
2026-09-30 10:04:51,CNC_01,53.27,0.417,2543,4.64,12.65,WARNING
2026-09-30 10:04:52,CNC_01,45.07,0.389,2490,5.06,8.96,NORMAL
2026-09-30 10:04:53,CNC_01,50.81,0.481,2463,4.88,18.04,WARNING
2026-09-30 10:04:54,CNC_01,51.35,0.232,2402,5.28,7.55,NORMAL
2026-09-30 10:04:55,CNC_01,46.37,0.312,2478,5.03,16.08,NORMAL
2026-09-30 10:04:56,CNC_01,41.49,0.466,2516,4.96,19.98,WARNING
2026-09-30 10:04:57,CNC_01,40.88,0.228,2585,4.71,12.51,NORMAL
2026-09-30 10:04:58,CNC_01,53.3,0.35,2545,4.28,15.38,WARNING
2026-09-30 10:04:59,CNC_01,53.69,0.365,2516,4.5,12.78,WARNING
2026-09-30 10:05:00,CNC_01,45.9,0.158,2402,5.43,17.32,NORMAL
2026-09-30 10:05:01,CNC_01,45.75,0.114,2458,4.74,8.92,NORMAL
2026-09-30 10:05:02,CNC_01,53.89,0.201,2430,4.5,5.43,WARNING
2026-09-30 10:05:03,CNC_01,43.0,0.22,2455,4.79,19.85,NORMAL
2026-09-30 10:05:04,CNC_01,46.66,0.419,2526,5.4,6.56,NORMAL
2026-09-30 10:05:05,CNC_01,53.96,0.34,2582,4.22,14.67,WARNING
2026-09-30 10:05:06,CNC_01,54.99,0.166,2470,4.54,19.26,WARNING
2026-09-30 10:05:07,CNC_01,52.97,0.32,2509,3.9,11.1,WARNING
2026-09-30 10:05:08,CNC_01,47.7,0.239,2443,4.82,12.33,NORMAL
2026-09-30 10:05:09,CNC_01,49.14,0.164,2556,5.25,8.61,NORMAL
2026-09-30 10:05:10,CNC_01,44.1,0.103,2439,4.89,10.71,NORMAL
2026-09-30 10:05:11,CNC_01,41.5,0.465,2531,3.64,14.29,WARNING
2026-09-30 10:05:12,CNC_01,51.2,0.336,2567,4.15,9.8,NORMAL
2026-09-30 10:05:13,CNC_01,52.54,0.5,2422,5.16,8.16,WARNING
2026-09-30 10:05:14,CNC_01,48.59,0.24,2548,4.09,15.21,NORMAL
2026-09-30 10:05:15,CNC_01,46.67,0.342,2591,4.35,5.05,NORMAL
2026-09-30 10:05:16,CNC_01,44.77,0.292,2583,3.83,10.6,NORMAL
2026-09-30 10:05:17,CNC_01,54.32,0.24,2422,4.81,18.84,WARNING
2026-09-30 10:05:18,CNC_01,51.91,0.456,2575,4.61,8.79,WARNING
2026-09-30 10:05:19,CNC_01,42.22,0.438,2538,4.04,6.24,NORMAL
2026-09-30 10:05:20,CNC_01,53.55,0.218,2470,5.28,11.47,WARNING
2026-09-30 10:05:21,CNC_01,54.86,0.328,2585,4.69,13.33,WARNING
2026-09-30 10:05:22,CNC_01,53.78,0.183,2590,5.08,18.78,WARNING
2026-09-30 10:05:23,CNC_01,42.67,0.22,2471,3.9,14.15,NORMAL
2026-09-30 10:05:24,CNC_01,40.39,0.336,2519,5.1,16.03,NORMAL
2026-09-30 10:05:25,CNC_01,43.46,0.236,2599,4.82,18.52,NORMAL
2026-09-30 10:05:26,CNC_01,45.98,0.392,2538,4.8,5.63,NORMAL
2026-09-30 10:05:27,CNC_01,47.17,0.454,2467,5.48,16.92,WARNING
2026-09-30 10:05:28,CNC_01,49.74,0.409,2537,5.01,5.26,NORMAL
2026-09-30 10:05:29,CNC_01,46.79,0.416,2421,4.41,13.91,NORMAL
2026-09-30 10:05:30,CNC_01,52.3,0.471,2480,5.07,7.55,WARNING
2026-09-30 10:05:31,CNC_01,42.48,0.346,2442,4.07,19.64,NORMAL
2026-09-30 10:05:32,CNC_01,49.3,0.458,2571,4.17,15.33,WARNING
2026-09-30 10:05:33,CNC_01,42.78,0.234,2439,4.13,6.28,NORMAL
2026-09-30 10:05:34,CNC_01,48.2,0.323,2543,4.31,10.53,NORMAL
2026-09-30 10:05:35,CNC_01,53.73,0.368,2575,4.0,19.88,WARNING
2026-09-30 10:05:36,CNC_01,45.19,0.372,2488,5.01,12.77,NORMAL
2026-09-30 10:05:37,CNC_01,54.64,0.315,2536,4.8,14.41,WARNING
2026-09-30 10:05:38,CNC_01,51.12,0.473,2510,4.32,18.58,WARNING
2026-09-30 10:05:39,CNC_01,44.68,0.385,2558,4.62,14.57,NORMAL
2026-09-30 10:05:40,CNC_01,48.35,0.25,2483,5.27,16.85,NORMAL
2026-09-30 10:05:41,CNC_01,43.24,0.278,2451,4.02,18.86,NORMAL
2026-09-30 10:05:42,CNC_01,43.23,0.352,2511,4.44,9.98,NORMAL
2026-09-30 10:05:43,CNC_01,49.55,0.465,2467,4.7,7.92,WARNING
2026-09-30 10:05:44,CNC_01,46.02,0.448,2460,3.56,16.94,NORMAL
2026-09-30 10:05:45,CNC_01,40.56,0.177,2466,3.72,17.99,NORMAL
2026-09-30 10:05:46,CNC_01,46.53,0.153,2550,3.65,13.15,NORMAL
2026-09-30 10:05:47,CNC_01,50.26,0.232,2497,4.95,7.23,NORMAL
2026-09-30 10:05:48,CNC_01,50.77,0.331,2585,4.02,19.74,NORMAL
2026-09-30 10:05:49,CNC_01,40.59,0.497,2546,4.25,14.06,WARNING
2026-09-30 10:05:50,CNC_01,52.66,0.458,2426,5.15,9.28,WARNING
2026-09-30 10:05:51,CNC_01,47.9,0.449,2424,5.11,18.19,NORMAL
2026-09-30 10:05:52,CNC_01,45.29,0.358,2528,4.41,8.68,NORMAL
2026-09-30 10:05:53,CNC_01,50.58,0.112,2510,3.7,18.7,NORMAL
2026-09-30 10:05:54,CNC_01,42.24,0.187,2495,5.23,8.12,NORMAL
2026-09-30 10:05:55,CNC_01,50.41,0.204,2413,5.17,10.73,NORMAL
2026-09-30 10:05:56,CNC_01,49.96,0.437,2461,4.61,8.12,NORMAL
2026-09-30 10:05:57,CNC_01,45.15,0.132,2521,5.16,12.59,NORMAL
2026-09-30 10:05:58,CNC_01,44.2,0.219,2534,4.99,15.4,NORMAL
2026-09-30 10:05:59,CNC_01,41.14,0.103,2409,4.85,15.86,NORMAL
2026-09-30 10:06:00,CNC_01,47.26,0.372,2460,4.92,16.72,NORMAL
2026-09-30 10:06:01,CNC_01,54.36,0.395,2479,5.44,9.52,WARNING
2026-09-30 10:06:02,CNC_01,43.21,0.195,2522,4.98,13.2,NORMAL
2026-09-30 10:06:03,CNC_01,43.54,0.112,2574,3.81,9.89,NORMAL
2026-09-30 10:06:04,CNC_01,49.84,0.247,2591,3.53,17.98,NORMAL
2026-09-30 10:06:05,CNC_01,47.71,0.394,2505,5.37,16.87,NORMAL
2026-09-30 10:06:06,CNC_01,48.29,0.104,2452,5.19,15.37,NORMAL
2026-09-30 10:06:07,CNC_01,40.05,0.11,2450,4.48,8.88,NORMAL
2026-09-30 10:06:08,CNC_01,43.23,0.271,2521,4.67,8.95,NORMAL
2026-09-30 10:06:09,CNC_01,44.1,0.172,2546,4.42,6.58,NORMAL
2026-09-30 10:06:10,CNC_01,49.08,0.238,2475,5.39,15.32,NORMAL
2026-09-30 10:06:11,CNC_01,41.28,0.308,2596,3.99,10.07,NORMAL
2026-09-30 10:06:12,CNC_01,47.7,0.115,2433,3.66,5.53,NORMAL
2026-09-30 10:06:13,CNC_01,48.04,0.21,2422,4.26,18.88,NORMAL
2026-09-30 10:06:14,CNC_01,47.68,0.295,2553,3.83,7.93,NORMAL
2026-09-30 10:06:15,CNC_01,51.5,0.447,2588,4.87,12.15,NORMAL
2026-09-30 10:06:16,CNC_01,44.94,0.428,2491,5.24,5.98,NORMAL
2026-09-30 10:06:17,CNC_01,43.86,0.349,2443,3.5,14.51,NORMAL
2026-09-30 10:06:18,CNC_01,46.74,0.419,2505,4.22,15.85,NORMAL
2026-09-30 10:06:19,CNC_01,52.6,0.323,2418,3.62,8.59,WARNING
2026-09-30 10:06:20,CNC_01,41.38,0.281,2600,4.54,7.73,NORMAL
2026-09-30 10:06:21,CNC_01,43.81,0.425,2405,3.52,15.79,NORMAL
2026-09-30 10:06:22,CNC_01,46.96,0.248,2400,4.25,13.1,NORMAL
2026-09-30 10:06:23,CNC_01,45.78,0.481,2468,4.05,5.47,WARNING
2026-09-30 10:06:24,CNC_01,54.96,0.156,2517,4.39,13.64,WARNING
2026-09-30 10:06:25,CNC_01,46.81,0.264,2542,5.17,18.68,NORMAL
2026-09-30 10:06:26,CNC_01,47.08,0.318,2470,3.87,18.86,NORMAL
2026-09-30 10:06:27,CNC_01,47.1,0.354,2597,5.0,6.69,NORMAL
2026-09-30 10:06:28,CNC_01,52.8,0.45,2493,5.42,19.67,WARNING
2026-09-30 10:06:29,CNC_01,45.61,0.111,2545,4.09,9.15,NORMAL
2026-09-30 10:06:30,CNC_01,41.95,0.181,2459,3.81,15.3,NORMAL
2026-09-30 10:06:31,CNC_01,54.05,0.284,2579,4.91,11.21,WARNING
2026-09-30 10:06:32,CNC_01,44.57,0.408,2435,3.78,18.65,NORMAL
2026-09-30 10:06:33,CNC_01,43.1,0.169,2450,4.46,12.76,NORMAL
2026-09-30 10:06:34,CNC_01,54.34,0.237,2519,4.88,6.5,WARNING
2026-09-30 10:06:35,CNC_01,52.39,0.293,2413,4.28,16.34,WARNING
2026-09-30 10:06:36,CNC_01,52.96,0.28,2459,3.68,5.47,WARNING
2026-09-30 10:06:37,CNC_01,53.51,0.443,2527,5.14,7.42,WARNING
2026-09-30 10:06:38,CNC_01,49.02,0.223,2577,4.23,8.15,NORMAL
2026-09-30 10:06:39,CNC_01,54.62,0.46,2572,5.03,6.9,WARNING
2026-09-30 10:06:40,CNC_01,43.6,0.406,2568,3.92,11.6,NORMAL
2026-09-30 10:06:41,CNC_01,40.4,0.174,2452,5.04,11.8,NORMAL
2026-09-30 10:06:42,CNC_01,45.64,0.485,2572,5.07,13.07,WARNING
2026-09-30 10:06:43,CNC_01,48.55,0.325,2507,4.72,8.27,NORMAL
2026-09-30 10:06:44,CNC_01,41.43,0.481,2497,5.07,13.17,WARNING
2026-09-30 10:06:45,CNC_01,53.2,0.194,2468,3.61,9.51,WARNING
2026-09-30 10:06:46,CNC_01,41.38,0.213,2505,5.5,7.38,NORMAL
2026-09-30 10:06:47,CNC_01,42.25,0.101,2448,4.12,19.93,NORMAL
2026-09-30 10:06:48,CNC_01,47.2,0.277,2451,4.95,18.57,NORMAL
2026-09-30 10:06:49,CNC_01,52.52,0.107,2443,4.65,7.27,WARNING
2026-09-30 10:06:50,CNC_01,53.37,0.415,2480,3.72,13.61,WARNING
2026-09-30 10:06:51,CNC_01,50.52,0.321,2481,4.05,11.73,NORMAL
2026-09-30 10:06:52,CNC_01,48.92,0.494,2430,4.03,6.01,WARNING
2026-09-30 10:06:53,CNC_01,48.86,0.313,2523,3.91,10.43,NORMAL
2026-09-30 10:06:54,CNC_01,52.41,0.284,2519,4.16,11.38,WARNING
2026-09-30 10:06:55,CNC_01,52.2,0.232,2412,4.39,9.06,WARNING
2026-09-30 10:06:56,CNC_01,51.56,0.118,2413,3.72,15.04,NORMAL
2026-09-30 10:06:57,CNC_01,48.35,0.438,2557,3.54,11.36,NORMAL
2026-09-30 10:06:58,CNC_01,42.23,0.289,2537,3.78,6.21,NORMAL
2026-09-30 10:06:59,CNC_01,45.36,0.421,2440,3.58,14.3,NORMAL
2026-09-30 10:07:00,CNC_01,41.26,0.322,2536,4.25,18.1,NORMAL
2026-09-30 10:07:01,CNC_01,46.67,0.108,2403,4.93,15.19,NORMAL
2026-09-30 10:07:02,CNC_01,41.59,0.141,2411,4.44,16.56,NORMAL
2026-09-30 10:07:03,CNC_01,48.29,0.333,2492,5.4,11.39,NORMAL
2026-09-30 10:07:04,CNC_01,43.87,0.312,2450,3.56,17.12,NORMAL
2026-09-30 10:07:05,CNC_01,50.62,0.483,2502,5.33,6.86,WARNING
2026-09-30 10:07:06,CNC_01,54.23,0.242,2571,3.67,10.51,WARNING
2026-09-30 10:07:07,CNC_01,53.29,0.147,2443,4.65,12.0,WARNING
2026-09-30 10:07:08,CNC_01,43.3,0.206,2569,4.08,8.73,NORMAL
2026-09-30 10:07:09,CNC_01,44.77,0.305,2523,5.1,17.33,NORMAL
2026-09-30 10:07:10,CNC_01,51.82,0.278,2475,4.61,19.22,NORMAL
2026-09-30 10:07:11,CNC_01,46.63,0.161,2461,4.6,7.82,NORMAL
2026-09-30 10:07:12,CNC_01,54.79,0.278,2475,3.92,7.9,WARNING
2026-09-30 10:07:13,CNC_01,53.51,0.249,2456,4.78,19.35,WARNING
2026-09-30 10:07:14,CNC_01,52.26,0.273,2547,4.82,16.01,WARNING
2026-09-30 10:07:15,CNC_01,41.94,0.164,2462,4.57,5.61,NORMAL
2026-09-30 10:07:16,CNC_01,48.3,0.342,2479,5.47,12.34,NORMAL
2026-09-30 10:07:17,CNC_01,41.88,0.305,2428,4.75,16.82,NORMAL
2026-09-30 10:07:18,CNC_01,50.19,0.115,2514,5.2,19.87,NORMAL
2026-09-30 10:07:19,CNC_01,47.33,0.403,2473,4.0,6.52,NORMAL
2026-09-30 10:07:20,CNC_01,54.01,0.411,2488,5.01,15.34,WARNING
2026-09-30 10:07:21,CNC_01,41.76,0.437,2491,5.28,10.03,NORMAL
2026-09-30 10:07:22,CNC_01,42.61,0.275,2531,3.95,12.09,NORMAL
2026-09-30 10:07:23,CNC_01,47.85,0.322,2440,4.79,13.09,NORMAL
2026-09-30 10:07:24,CNC_01,52.64,0.456,2400,4.25,8.85,WARNING
2026-09-30 10:07:25,CNC_01,44.17,0.157,2410,4.19,14.59,NORMAL
2026-09-30 10:07:26,CNC_01,40.66,0.192,2576,4.68,13.93,NORMAL
2026-09-30 10:07:27,CNC_01,43.82,0.172,2527,3.67,6.09,NORMAL
2026-09-30 10:07:28,CNC_01,48.49,0.219,2482,4.42,17.16,NORMAL
2026-09-30 10:07:29,CNC_01,44.46,0.13,2472,4.06,9.73,NORMAL
2026-09-30 10:07:30,CNC_01,47.85,0.427,2519,5.32,17.21,NORMAL
2026-09-30 10:07:31,CNC_01,52.29,0.457,2579,4.53,5.57,WARNING
2026-09-30 10:07:32,CNC_01,51.32,0.361,2511,4.13,12.94,NORMAL
2026-09-30 10:07:33,CNC_01,41.71,0.103,2479,4.49,6.78,NORMAL
2026-09-30 10:07:34,CNC_01,51.06,0.376,2536,4.55,6.61,NORMAL
2026-09-30 10:07:35,CNC_01,48.61,0.176,2422,5.28,15.56,NORMAL
2026-09-30 10:07:36,CNC_01,44.28,0.452,2440,3.8,12.85,WARNING
2026-09-30 10:07:37,CNC_01,40.82,0.448,2431,4.45,15.36,NORMAL
2026-09-30 10:07:38,CNC_01,50.1,0.421,2442,5.26,17.95,NORMAL
2026-09-30 10:07:39,CNC_01,46.17,0.182,2496,4.74,18.08,NORMAL
2026-09-30 10:07:40,CNC_01,54.69,0.423,2587,5.1,16.07,WARNING
2026-09-30 10:07:41,CNC_01,46.82,0.248,2400,4.93,11.12,NORMAL
2026-09-30 10:07:42,CNC_01,44.69,0.224,2510,3.83,13.57,NORMAL
2026-09-30 10:07:43,CNC_01,44.69,0.146,2514,4.5,14.16,NORMAL
2026-09-30 10:07:44,CNC_01,53.49,0.288,2407,4.54,6.12,WARNING
2026-09-30 10:07:45,CNC_01,43.76,0.2,2471,4.31,15.74,NORMAL
2026-09-30 10:07:46,CNC_01,43.55,0.293,2555,3.91,13.5,NORMAL
2026-09-30 10:07:47,CNC_01,51.96,0.261,2556,5.03,19.19,NORMAL
2026-09-30 10:07:48,CNC_01,41.8,0.43,2588,4.79,18.61,NORMAL
2026-09-30 10:07:49,CNC_01,44.67,0.136,2470,5.06,16.75,NORMAL
2026-09-30 10:07:50,CNC_01,53.85,0.24,2576,4.01,5.18,WARNING
2026-09-30 10:07:51,CNC_01,43.03,0.367,2445,3.65,8.71,NORMAL
2026-09-30 10:07:52,CNC_01,47.46,0.458,2561,4.05,6.9,WARNING
2026-09-30 10:07:53,CNC_01,54.71,0.411,2532,4.39,7.88,WARNING
2026-09-30 10:07:54,CNC_01,42.85,0.404,2599,5.21,15.42,NORMAL
2026-09-30 10:07:55,CNC_01,40.05,0.187,2465,5.06,6.03,NORMAL
2026-09-30 10:07:56,CNC_01,54.99,0.216,2503,5.16,6.26,WARNING
2026-09-30 10:07:57,CNC_01,42.09,0.312,2561,4.4,17.19,NORMAL
2026-09-30 10:07:58,CNC_01,49.57,0.316,2511,4.5,10.09,NORMAL
2026-09-30 10:07:59,CNC_01,49.21,0.33,2418,4.07,16.03,NORMAL
2026-09-30 10:08:00,CNC_01,45.67,0.283,2472,5.48,13.61,NORMAL
2026-09-30 10:08:01,CNC_01,54.14,0.18,2447,4.93,12.25,WARNING
2026-09-30 10:08:02,CNC_01,50.91,0.479,2428,4.81,16.14,WARNING
2026-09-30 10:08:03,CNC_01,41.81,0.29,2435,3.97,17.47,NORMAL
2026-09-30 10:08:04,CNC_01,40.63,0.335,2486,5.5,10.66,NORMAL
2026-09-30 10:08:05,CNC_01,46.55,0.356,2472,3.85,7.58,NORMAL
2026-09-30 10:08:06,CNC_01,44.98,0.294,2573,4.47,11.14,NORMAL
2026-09-30 10:08:07,CNC_01,41.22,0.118,2556,4.85,19.53,NORMAL
2026-09-30 10:08:08,CNC_01,49.22,0.374,2508,4.95,19.54,NORMAL
2026-09-30 10:08:09,CNC_01,48.0,0.16,2456,3.65,10.08,NORMAL
2026-09-30 10:08:10,CNC_01,51.05,0.414,2592,3.8,16.22,NORMAL
2026-09-30 10:08:11,CNC_01,51.49,0.163,2442,4.83,6.66,NORMAL
2026-09-30 10:08:12,CNC_01,43.95,0.309,2457,3.66,5.11,NORMAL
2026-09-30 10:08:13,CNC_01,54.82,0.219,2477,5.05,19.97,WARNING
2026-09-30 10:08:14,CNC_01,40.23,0.378,2572,4.58,13.44,NORMAL
2026-09-30 10:08:15,CNC_01,47.25,0.271,2485,4.41,8.05,NORMAL
2026-09-30 10:08:16,CNC_01,41.78,0.248,2479,3.68,19.4,NORMAL
2026-09-30 10:08:17,CNC_01,46.51,0.352,2450,3.82,16.39,NORMAL
2026-09-30 10:08:18,CNC_01,49.41,0.277,2587,4.75,17.27,NORMAL
2026-09-30 10:08:19,CNC_01,53.45,0.218,2402,3.51,9.45,WARNING
2026-09-30 10:08:20,CNC_01,53.69,0.403,2451,3.85,10.23,WARNING
2026-09-30 10:08:21,CNC_01,40.8,0.209,2401,5.4,10.44,NORMAL
2026-09-30 10:08:22,CNC_01,47.15,0.442,2496,5.39,18.57,NORMAL
2026-09-30 10:08:23,CNC_01,46.72,0.366,2530,4.28,17.43,NORMAL
2026-09-30 10:08:24,CNC_01,46.5,0.212,2531,3.71,15.35,NORMAL
2026-09-30 10:08:25,CNC_01,43.65,0.374,2592,4.81,9.81,NORMAL
2026-09-30 10:08:26,CNC_01,51.1,0.231,2581,4.23,5.71,NORMAL
2026-09-30 10:08:27,CNC_01,50.46,0.428,2464,5.48,12.33,NORMAL
2026-09-30 10:08:28,CNC_01,45.89,0.44,2555,5.18,11.4,NORMAL
2026-09-30 10:08:29,CNC_01,49.62,0.111,2583,5.47,18.76,NORMAL
2026-09-30 10:08:30,CNC_01,49.7,0.126,2579,4.78,16.07,NORMAL
2026-09-30 10:08:31,CNC_01,50.16,0.293,2586,4.39,11.82,NORMAL
2026-09-30 10:08:32,CNC_01,46.76,0.336,2586,5.21,5.0,NORMAL
2026-09-30 10:08:33,CNC_01,44.34,0.393,2431,4.73,5.61,NORMAL
2026-09-30 10:08:34,CNC_01,52.28,0.177,2470,5.34,5.82,WARNING
2026-09-30 10:08:35,CNC_01,44.39,0.301,2448,4.88,18.06,NORMAL
2026-09-30 10:08:36,CNC_01,51.93,0.235,2449,4.21,8.97,NORMAL
2026-09-30 10:08:37,CNC_01,43.13,0.296,2464,5.38,13.19,NORMAL
2026-09-30 10:08:38,CNC_01,44.68,0.355,2504,3.51,8.66,NORMAL
2026-09-30 10:08:39,CNC_01,53.46,0.18,2484,4.92,9.86,WARNING
2026-09-30 10:08:40,CNC_01,45.88,0.147,2555,3.72,17.03,NORMAL
2026-09-30 10:08:41,CNC_01,44.37,0.456,2485,3.68,11.06,WARNING
2026-09-30 10:08:42,CNC_01,53.32,0.132,2542,5.13,14.14,WARNING
2026-09-30 10:08:43,CNC_01,51.98,0.447,2500,4.38,7.25,NORMAL
2026-09-30 10:08:44,CNC_01,42.49,0.377,2489,4.78,13.67,NORMAL
2026-09-30 10:08:45,CNC_01,45.23,0.471,2582,5.16,7.55,WARNING
2026-09-30 10:08:46,CNC_01,42.47,0.153,2515,3.71,6.33,NORMAL
2026-09-30 10:08:47,CNC_01,40.08,0.265,2499,5.22,11.6,NORMAL
2026-09-30 10:08:48,CNC_01,47.02,0.44,2573,4.28,16.48,NORMAL
2026-09-30 10:08:49,CNC_01,46.75,0.308,2600,5.42,9.24,NORMAL
2026-09-30 10:08:50,CNC_01,54.1,0.494,2558,3.73,7.82,WARNING
2026-09-30 10:08:51,CNC_01,44.2,0.438,2516,4.69,16.25,NORMAL
2026-09-30 10:08:52,CNC_01,43.03,0.323,2415,4.05,5.74,NORMAL
2026-09-30 10:08:53,CNC_01,52.91,0.165,2574,3.84,9.48,WARNING
2026-09-30 10:08:54,CNC_01,46.29,0.347,2571,5.17,18.11,NORMAL
2026-09-30 10:08:55,CNC_01,43.38,0.235,2465,4.32,12.32,NORMAL
2026-09-30 10:08:56,CNC_01,52.81,0.367,2530,4.39,18.58,WARNING
2026-09-30 10:08:57,CNC_01,45.42,0.411,2466,3.82,12.53,NORMAL
2026-09-30 10:08:58,CNC_01,48.23,0.172,2410,3.94,10.79,NORMAL
2026-09-30 10:08:59,CNC_01,49.62,0.471,2413,3.87,14.03,WARNING
2026-09-30 10:09:00,CNC_01,52.83,0.266,2435,4.57,7.77,WARNING
2026-09-30 10:09:01,CNC_01,42.86,0.292,2578,3.81,6.93,NORMAL
2026-09-30 10:09:02,CNC_01,54.63,0.213,2595,3.6,11.04,WARNING
2026-09-30 10:09:03,CNC_01,41.68,0.45,2555,4.6,5.88,NORMAL
2026-09-30 10:09:04,CNC_01,50.1,0.186,2587,4.16,11.33,NORMAL
2026-09-30 10:09:05,CNC_01,42.41,0.206,2594,4.64,5.15,NORMAL
2026-09-30 10:09:06,CNC_01,41.22,0.239,2455,4.86,18.03,NORMAL
2026-09-30 10:09:07,CNC_01,49.61,0.331,2479,4.66,15.41,NORMAL
2026-09-30 10:09:08,CNC_01,46.11,0.316,2567,3.75,14.7,NORMAL
2026-09-30 10:09:09,CNC_01,51.72,0.256,2459,3.55,11.96,NORMAL
2026-09-30 10:09:10,CNC_01,54.9,0.144,2405,4.6,5.54,WARNING
2026-09-30 10:09:11,CNC_01,47.43,0.365,2438,5.48,19.78,NORMAL
2026-09-30 10:09:12,CNC_01,53.65,0.252,2587,3.81,15.27,WARNING
2026-09-30 10:09:13,CNC_01,46.8,0.186,2434,3.91,17.22,NORMAL
2026-09-30 10:09:14,CNC_01,47.94,0.309,2419,5.28,18.72,NORMAL
2026-09-30 10:09:15,CNC_01,40.46,0.41,2582,4.94,11.98,NORMAL
2026-09-30 10:09:16,CNC_01,43.66,0.128,2522,4.3,7.7,NORMAL
2026-09-30 10:09:17,CNC_01,47.61,0.158,2575,4.41,7.94,NORMAL
2026-09-30 10:09:18,CNC_01,45.84,0.151,2445,4.02,13.16,NORMAL
2026-09-30 10:09:19,CNC_01,43.53,0.298,2412,4.38,12.8,NORMAL
2026-09-30 10:09:20,CNC_01,48.85,0.336,2564,5.02,5.12,NORMAL
2026-09-30 10:09:21,CNC_01,41.77,0.422,2420,4.17,8.37,NORMAL
2026-09-30 10:09:22,CNC_01,54.52,0.192,2470,4.12,9.25,WARNING
2026-09-30 10:09:23,CNC_01,52.75,0.132,2453,4.4,14.46,WARNING
2026-09-30 10:09:24,CNC_01,50.39,0.19,2485,4.03,10.37,NORMAL
2026-09-30 10:09:25,CNC_01,50.81,0.335,2489,5.24,8.58,NORMAL
2026-09-30 10:09:26,CNC_01,53.79,0.448,2423,4.74,7.12,WARNING
2026-09-30 10:09:27,CNC_01,44.68,0.231,2485,3.98,7.31,NORMAL
2026-09-30 10:09:28,CNC_01,40.57,0.271,2468,3.55,11.26,NORMAL
2026-09-30 10:09:29,CNC_01,42.23,0.147,2499,4.27,20.0,NORMAL
2026-09-30 10:09:30,CNC_01,53.21,0.145,2420,3.54,9.33,WARNING
2026-09-30 10:09:31,CNC_01,40.48,0.493,2598,4.64,17.66,WARNING
2026-09-30 10:09:32,CNC_01,41.26,0.485,2574,4.23,16.54,WARNING
2026-09-30 10:09:33,CNC_01,50.24,0.464,2597,4.51,6.42,WARNING
2026-09-30 10:09:34,CNC_01,42.85,0.387,2549,4.18,18.21,NORMAL
2026-09-30 10:09:35,CNC_01,48.99,0.28,2486,3.88,18.3,NORMAL
2026-09-30 10:09:36,CNC_01,45.42,0.266,2520,3.79,16.49,NORMAL
2026-09-30 10:09:37,CNC_01,50.65,0.327,2558,4.1,13.19,NORMAL
2026-09-30 10:09:38,CNC_01,51.54,0.139,2595,4.15,13.28,NORMAL
2026-09-30 10:09:39,CNC_01,49.25,0.142,2402,3.71,11.84,NORMAL
2026-09-30 10:09:40,CNC_01,52.28,0.208,2496,4.47,6.92,WARNING
2026-09-30 10:09:41,CNC_01,41.72,0.162,2532,4.21,19.09,NORMAL
2026-09-30 10:09:42,CNC_01,53.37,0.354,2478,5.32,6.4,WARNING
2026-09-30 10:09:43,CNC_01,51.98,0.339,2582,4.58,9.85,NORMAL
2026-09-30 10:09:44,CNC_01,47.07,0.379,2439,4.97,17.12,NORMAL
2026-09-30 10:09:45,CNC_01,54.69,0.241,2436,4.61,17.19,WARNING
2026-09-30 10:09:46,CNC_01,53.81,0.333,2600,4.04,13.17,WARNING
2026-09-30 10:09:47,CNC_01,50.22,0.207,2402,4.62,6.97,NORMAL
2026-09-30 10:09:48,CNC_01,45.74,0.195,2493,4.51,13.82,NORMAL
2026-09-30 10:09:49,CNC_01,43.79,0.224,2599,3.79,8.76,NORMAL
2026-09-30 10:09:50,CNC_01,50.45,0.398,2553,5.14,9.25,NORMAL
2026-09-30 10:09:51,CNC_01,42.82,0.128,2580,4.29,16.56,NORMAL
2026-09-30 10:09:52,CNC_01,45.51,0.198,2542,5.1,5.32,NORMAL
2026-09-30 10:09:53,CNC_01,51.29,0.288,2599,4.63,15.11,NORMAL
2026-09-30 10:09:54,CNC_01,45.05,0.416,2559,4.2,7.36,NORMAL
2026-09-30 10:09:55,CNC_01,41.99,0.124,2486,3.99,11.8,NORMAL
2026-09-30 10:09:56,CNC_01,51.2,0.34,2462,5.46,16.74,NORMAL
2026-09-30 10:09:57,CNC_01,46.48,0.155,2489,4.47,19.5,NORMAL
2026-09-30 10:09:58,CNC_01,40.67,0.47,2556,3.62,10.29,WARNING
2026-09-30 10:09:59,CNC_01,46.02,0.312,2551,3.66,14.25,NORMAL
2026-09-30 10:10:00,CNC_01,44.71,0.41,2421,4.61,17.98,NORMAL
2026-09-30 10:10:01,CNC_01,49.41,0.385,2516,4.69,13.35,NORMAL
2026-09-30 10:10:02,CNC_01,47.29,0.469,2476,5.06,13.11,WARNING
2026-09-30 10:10:03,CNC_01,47.82,0.25,2432,5.3,12.86,NORMAL
2026-09-30 10:10:04,CNC_01,41.27,0.203,2410,5.41,8.83,NORMAL
2026-09-30 10:10:05,CNC_01,45.66,0.442,2551,5.17,5.07,NORMAL
2026-09-30 10:10:06,CNC_01,54.63,0.135,2471,4.73,12.96,WARNING
2026-09-30 10:10:07,CNC_01,49.74,0.226,2566,4.06,13.29,NORMAL
2026-09-30 10:10:08,CNC_01,46.93,0.2,2556,4.48,16.59,NORMAL
2026-09-30 10:10:09,CNC_01,45.81,0.256,2549,3.56,9.12,NORMAL
2026-09-30 10:10:10,CNC_01,42.12,0.244,2558,4.42,6.53,NORMAL
2026-09-30 10:10:11,CNC_01,51.11,0.107,2503,4.67,12.24,NORMAL
2026-09-30 10:10:12,CNC_01,50.69,0.37,2468,4.55,7.25,NORMAL
2026-09-30 10:10:13,CNC_01,44.94,0.4,2521,4.92,9.73,NORMAL
2026-09-30 10:10:14,CNC_01,48.01,0.196,2582,4.87,7.06,NORMAL
2026-09-30 10:10:15,CNC_01,45.85,0.284,2490,5.08,5.39,NORMAL
2026-09-30 10:10:16,CNC_01,47.09,0.338,2488,5.22,7.86,NORMAL
2026-09-30 10:10:17,CNC_01,46.48,0.312,2434,3.53,13.32,NORMAL
2026-09-30 10:10:18,CNC_01,46.84,0.452,2444,3.57,13.69,WARNING
2026-09-30 10:10:19,CNC_01,48.63,0.298,2458,4.57,16.88,NORMAL
2026-09-30 10:10:20,CNC_01,40.45,0.348,2573,4.51,11.77,NORMAL
2026-09-30 10:10:21,CNC_01,41.71,0.479,2582,4.24,10.76,WARNING
2026-09-30 10:10:22,CNC_01,40.9,0.265,2564,4.46,19.2,NORMAL
2026-09-30 10:10:23,CNC_01,41.21,0.281,2505,4.01,12.89,NORMAL
2026-09-30 10:10:24,CNC_01,47.0,0.236,2586,4.2,16.87,NORMAL
2026-09-30 10:10:25,CNC_01,44.18,0.349,2480,4.5,15.71,NORMAL
2026-09-30 10:10:26,CNC_01,45.28,0.327,2523,3.99,14.98,NORMAL
2026-09-30 10:10:27,CNC_01,47.06,0.217,2457,5.5,15.81,NORMAL
2026-09-30 10:10:28,CNC_01,44.46,0.312,2524,4.82,5.46,NORMAL
2026-09-30 10:10:29,CNC_01,42.81,0.441,2590,4.71,8.33,NORMAL
2026-09-30 10:10:30,CNC_01,44.86,0.397,2431,5.0,7.53,NORMAL
2026-09-30 10:10:31,CNC_01,49.26,0.469,2581,4.66,10.84,WARNING
2026-09-30 10:10:32,CNC_01,42.12,0.433,2466,3.74,13.13,NORMAL
2026-09-30 10:10:33,CNC_01,50.57,0.341,2471,3.59,13.49,NORMAL
2026-09-30 10:10:34,CNC_01,42.98,0.482,2466,3.5,13.06,WARNING
2026-09-30 10:10:35,CNC_01,45.84,0.423,2493,3.92,10.26,NORMAL
2026-09-30 10:10:36,CNC_01,49.77,0.483,2546,4.42,6.24,WARNING
2026-09-30 10:10:37,CNC_01,48.15,0.246,2476,5.47,15.94,NORMAL
2026-09-30 10:10:38,CNC_01,40.86,0.109,2429,4.74,16.56,NORMAL
2026-09-30 10:10:39,CNC_01,51.15,0.269,2537,4.34,13.07,NORMAL
2026-09-30 10:10:40,CNC_01,42.56,0.306,2433,4.63,13.0,NORMAL
2026-09-30 10:10:41,CNC_01,44.38,0.336,2531,5.11,6.69,NORMAL
2026-09-30 10:10:42,CNC_01,40.02,0.198,2600,4.14,19.15,NORMAL
2026-09-30 10:10:43,CNC_01,43.88,0.317,2438,4.62,19.21,NORMAL
2026-09-30 10:10:44,CNC_01,51.77,0.435,2408,5.13,5.83,NORMAL
2026-09-30 10:10:45,CNC_01,48.55,0.206,2426,5.01,16.17,NORMAL
2026-09-30 10:10:46,CNC_01,43.98,0.182,2576,5.42,5.1,NORMAL
2026-09-30 10:10:47,CNC_01,46.63,0.414,2479,4.75,7.47,NORMAL
2026-09-30 10:10:48,CNC_01,50.93,0.299,2405,4.92,12.04,NORMAL
2026-09-30 10:10:49,CNC_01,45.16,0.489,2597,5.08,18.85,WARNING
2026-09-30 10:10:50,CNC_01,42.01,0.123,2521,5.01,14.98,NORMAL
2026-09-30 10:10:51,CNC_01,42.95,0.167,2408,5.12,12.67,NORMAL
2026-09-30 10:10:52,CNC_01,46.19,0.36,2519,3.61,7.22,NORMAL
2026-09-30 10:10:53,CNC_01,51.1,0.42,2466,3.98,6.23,NORMAL
2026-09-30 10:10:54,CNC_01,46.74,0.463,2452,3.6,17.36,WARNING
2026-09-30 10:10:55,CNC_01,45.22,0.432,2532,3.99,6.63,NORMAL
2026-09-30 10:10:56,CNC_01,46.44,0.43,2520,3.61,13.84,NORMAL
2026-09-30 10:10:57,CNC_01,47.97,0.201,2470,3.87,9.79,NORMAL
2026-09-30 10:10:58,CNC_01,51.42,0.424,2578,3.67,9.18,NORMAL
2026-09-30 10:10:59,CNC_01,51.49,0.267,2434,3.74,13.94,NORMAL
2026-09-30 10:11:00,CNC_01,44.51,0.289,2564,3.74,15.86,NORMAL
2026-09-30 10:11:01,CNC_01,45.87,0.245,2543,3.7,15.03,NORMAL
2026-09-30 10:11:02,CNC_01,46.71,0.287,2564,3.78,8.64,NORMAL
2026-09-30 10:11:03,CNC_01,54.18,0.353,2532,5.33,5.82,WARNING
2026-09-30 10:11:04,CNC_01,43.04,0.489,2413,3.74,11.94,WARNING
2026-09-30 10:11:05,CNC_01,53.7,0.214,2532,4.62,15.5,WARNING
2026-09-30 10:11:06,CNC_01,51.43,0.473,2477,5.04,11.07,WARNING
2026-09-30 10:11:07,CNC_01,46.04,0.451,2557,4.8,14.77,WARNING
2026-09-30 10:11:08,CNC_01,51.22,0.235,2447,3.72,12.77,NORMAL
2026-09-30 10:11:09,CNC_01,52.96,0.249,2496,4.71,17.13,WARNING
2026-09-30 10:11:10,CNC_01,47.52,0.13,2543,5.41,9.95,NORMAL
2026-09-30 10:11:11,CNC_01,40.39,0.244,2503,3.8,8.51,NORMAL
2026-09-30 10:11:12,CNC_01,42.21,0.223,2594,4.68,15.59,NORMAL
2026-09-30 10:11:13,CNC_01,49.67,0.408,2401,5.41,19.29,NORMAL
2026-09-30 10:11:14,CNC_01,54.1,0.42,2470,4.71,13.8,WARNING
2026-09-30 10:11:15,CNC_01,50.27,0.199,2470,3.59,15.76,NORMAL
2026-09-30 10:11:17,CNC_01,44.23,0.262,2567,4.12,14.39,NORMAL
2026-09-30 10:11:18,CNC_01,49.31,0.29,2512,5.46,7.85,NORMAL
2026-09-30 10:11:19,CNC_01,46.99,0.394,2486,4.92,12.7,NORMAL
2026-09-30 10:11:20,CNC_01,44.34,0.271,2483,4.93,15.21,NORMAL
2026-09-30 10:11:21,CNC_01,48.13,0.265,2422,3.6,9.87,NORMAL
2026-09-30 10:11:22,CNC_01,41.87,0.309,2430,5.14,9.73,NORMAL
2026-09-30 10:11:23,CNC_01,41.36,0.327,2403,4.27,14.95,NORMAL
2026-09-30 10:11:24,CNC_01,40.97,0.357,2422,4.23,15.19,NORMAL
2026-09-30 10:11:25,CNC_01,43.3,0.281,2460,4.19,19.13,NORMAL
2026-09-30 10:11:26,CNC_01,41.16,0.184,2521,4.06,10.85,NORMAL
2026-09-30 10:11:27,CNC_01,41.3,0.187,2420,4.33,12.27,NORMAL
2026-09-30 10:11:28,CNC_01,40.16,0.136,2415,5.06,15.96,NORMAL
2026-09-30 10:11:29,CNC_01,45.9,0.274,2446,5.25,11.16,NORMAL
2026-09-30 10:11:30,CNC_01,49.46,0.236,2412,5.34,5.57,NORMAL
2026-09-30 10:11:31,CNC_01,52.62,0.455,2426,3.87,14.92,WARNING
2026-09-30 10:11:32,CNC_01,42.25,0.436,2438,3.59,17.64,NORMAL
2026-09-30 10:11:33,CNC_01,40.23,0.49,2433,5.41,11.91,WARNING
2026-09-30 10:11:34,CNC_01,42.46,0.106,2543,4.69,14.73,NORMAL
2026-09-30 10:11:35,CNC_01,40.44,0.343,2575,4.31,19.55,NORMAL
2026-09-30 10:11:36,CNC_01,51.18,0.426,2511,4.09,18.12,NORMAL
2026-09-30 10:11:37,CNC_01,40.72,0.186,2434,4.95,14.56,NORMAL
2026-09-30 10:11:38,CNC_01,40.86,0.385,2594,4.49,9.21,NORMAL
2026-09-30 10:11:39,CNC_01,46.23,0.202,2539,5.44,10.14,NORMAL
2026-09-30 10:11:40,CNC_01,40.02,0.382,2435,5.49,10.8,NORMAL
2026-09-30 10:11:41,CNC_01,45.61,0.448,2528,5.43,15.57,NORMAL
2026-09-30 10:11:42,CNC_01,42.9,0.157,2589,5.12,9.08,NORMAL
2026-09-30 10:11:43,CNC_01,52.25,0.324,2413,4.99,13.94,WARNING
2026-09-30 10:11:44,CNC_01,41.88,0.271,2563,3.58,9.83,NORMAL
2026-09-30 10:11:45,CNC_01,51.89,0.332,2410,4.06,11.4,NORMAL
2026-09-30 10:11:46,CNC_01,53.95,0.35,2421,5.13,18.32,WARNING
2026-09-30 10:11:47,CNC_01,43.32,0.152,2405,4.87,13.64,NORMAL
2026-09-30 10:11:48,CNC_01,45.73,0.454,2466,5.18,18.56,WARNING
2026-09-30 10:11:49,CNC_01,40.55,0.231,2420,5.18,9.7,NORMAL
2026-09-30 10:11:50,CNC_01,54.47,0.427,2438,3.78,6.56,WARNING
2026-09-30 10:11:51,CNC_01,50.74,0.447,2556,5.05,10.95,NORMAL
2026-09-30 10:11:52,CNC_01,50.25,0.119,2600,4.68,11.48,NORMAL
2026-09-30 10:11:53,CNC_01,49.3,0.241,2524,4.12,16.2,NORMAL
2026-09-30 10:11:54,CNC_01,40.64,0.206,2520,5.27,10.77,NORMAL
2026-09-30 10:11:55,CNC_01,49.72,0.483,2584,5.3,18.58,WARNING
2026-09-30 10:11:56,CNC_01,43.92,0.249,2416,4.14,9.94,NORMAL
2026-09-30 10:11:57,CNC_01,52.52,0.359,2598,3.8,17.12,WARNING
2026-09-30 10:11:58,CNC_01,48.58,0.163,2598,5.32,18.64,NORMAL
2026-09-30 10:11:59,CNC_01,51.4,0.368,2535,5.43,15.2,NORMAL
2026-09-30 10:12:00,CNC_01,43.13,0.455,2414,4.33,19.34,WARNING
2026-09-30 10:12:01,CNC_01,49.24,0.3,2528,4.49,15.48,NORMAL
2026-09-30 10:12:02,CNC_01,48.95,0.137,2442,3.86,17.35,NORMAL
2026-09-30 10:12:03,CNC_01,42.92,0.457,2432,4.41,8.4,WARNING
2026-09-30 10:12:04,CNC_01,40.52,0.231,2469,4.2,19.62,NORMAL
2026-09-30 10:12:05,CNC_01,42.82,0.138,2465,4.17,7.39,NORMAL
2026-09-30 10:12:06,CNC_01,52.81,0.498,2443,4.29,10.33,WARNING
2026-09-30 10:12:07,CNC_01,47.36,0.427,2510,4.14,7.86,NORMAL
2026-09-30 10:12:08,CNC_01,54.4,0.128,2520,4.35,16.49,WARNING
2026-09-30 10:12:09,CNC_01,46.77,0.472,2417,5.17,7.03,WARNING
2026-09-30 10:12:10,CNC_01,43.96,0.362,2438,5.05,19.71,NORMAL
2026-09-30 10:12:11,CNC_01,42.91,0.472,2506,4.0,14.4,WARNING
2026-09-30 10:12:12,CNC_01,53.57,0.211,2481,3.55,14.67,WARNING
2026-09-30 10:12:13,CNC_01,41.39,0.399,2411,3.78,13.52,NORMAL
2026-09-30 10:12:14,CNC_01,42.52,0.468,2413,5.29,14.23,WARNING
2026-09-30 10:12:15,CNC_01,49.39,0.155,2485,4.99,9.16,NORMAL
2026-09-30 10:12:16,CNC_01,43.54,0.417,2535,4.83,15.5,NORMAL
2026-09-30 10:12:17,CNC_01,50.41,0.286,2504,4.01,18.64,NORMAL
2026-09-30 10:12:18,CNC_01,52.74,0.334,2587,4.12,6.95,WARNING
2026-09-30 10:12:19,CNC_01,47.17,0.322,2521,5.06,13.47,NORMAL
2026-09-30 10:12:20,CNC_01,45.69,0.373,2427,3.99,16.38,NORMAL
2026-09-30 10:12:21,CNC_01,41.5,0.45,2561,3.94,6.86,NORMAL
2026-09-30 10:12:22,CNC_01,44.35,0.42,2499,4.8,13.92,NORMAL
2026-09-30 10:12:23,CNC_01,44.45,0.422,2419,3.51,12.42,NORMAL
2026-09-30 10:12:24,CNC_01,44.18,0.443,2573,4.36,16.67,NORMAL
2026-09-30 10:12:25,CNC_01,51.78,0.279,2414,5.13,17.0,NORMAL
2026-09-30 10:12:26,CNC_01,47.03,0.153,2589,4.55,13.89,NORMAL
2026-09-30 10:12:27,CNC_01,49.47,0.363,2573,4.55,7.26,NORMAL
2026-09-30 10:12:28,CNC_01,48.74,0.191,2500,5.45,10.93,NORMAL
2026-09-30 10:12:29,CNC_01,47.42,0.125,2533,3.82,9.73,NORMAL
2026-09-30 10:12:30,CNC_01,53.29,0.347,2577,5.02,9.07,WARNING
2026-09-30 10:12:31,CNC_01,47.11,0.128,2568,4.32,15.28,NORMAL
2026-09-30 10:12:32,CNC_01,51.4,0.198,2451,3.75,13.88,NORMAL
2026-09-30 10:12:33,CNC_01,46.41,0.144,2476,3.9,16.98,NORMAL
2026-09-30 10:12:34,CNC_01,44.11,0.409,2504,4.88,8.96,NORMAL
2026-09-30 10:12:35,CNC_01,51.89,0.136,2482,3.59,7.53,NORMAL
2026-09-30 10:12:36,CNC_01,52.85,0.465,2537,4.44,15.19,WARNING
2026-09-30 10:12:37,CNC_01,50.32,0.359,2472,4.61,12.02,NORMAL
2026-09-30 10:12:38,CNC_01,47.69,0.376,2407,4.66,7.88,NORMAL
2026-09-30 10:12:39,CNC_01,50.41,0.143,2519,5.31,12.78,NORMAL
2026-09-30 10:12:40,CNC_01,50.1,0.173,2506,5.13,8.22,NORMAL
2026-09-30 10:12:41,CNC_01,43.21,0.25,2437,3.98,17.68,NORMAL
2026-09-30 10:12:42,CNC_01,44.86,0.475,2528,4.98,13.03,WARNING
2026-09-30 10:12:43,CNC_01,52.99,0.332,2561,3.89,14.98,WARNING
2026-09-30 10:12:44,CNC_01,47.31,0.305,2451,5.33,7.14,NORMAL
2026-09-30 10:12:45,CNC_01,40.15,0.179,2508,5.02,15.53,NORMAL
2026-09-30 10:12:46,CNC_01,44.02,0.251,2571,3.51,6.31,NORMAL
2026-09-30 10:12:47,CNC_01,47.82,0.327,2468,4.87,8.76,NORMAL
2026-09-30 10:12:48,CNC_01,47.41,0.477,2494,4.36,11.23,WARNING
2026-09-30 10:12:49,CNC_01,41.26,0.42,2415,5.45,5.76,NORMAL
2026-09-30 10:12:50,CNC_01,44.4,0.103,2458,3.87,14.49,NORMAL
2026-09-30 10:12:51,CNC_01,50.42,0.355,2587,5.1,7.61,NORMAL
2026-09-30 10:12:52,CNC_01,44.73,0.424,2466,5.15,10.16,NORMAL
2026-09-30 10:12:53,CNC_01,54.86,0.13,2471,4.8,7.44,WARNING
2026-09-30 10:12:54,CNC_01,42.56,0.115,2492,4.51,9.7,NORMAL
2026-09-30 10:12:55,CNC_01,45.8,0.338,2449,3.86,6.01,NORMAL
2026-09-30 10:12:56,CNC_01,40.48,0.216,2555,4.38,11.97,NORMAL
2026-09-30 10:12:57,CNC_01,48.8,0.329,2589,5.24,17.25,NORMAL
2026-09-30 10:12:58,CNC_01,45.05,0.418,2468,4.7,5.22,NORMAL
2026-09-30 10:12:59,CNC_01,40.61,0.113,2494,3.73,12.54,NORMAL
2026-09-30 10:13:00,CNC_01,41.51,0.291,2534,4.54,6.02,NORMAL
2026-09-30 10:13:01,CNC_01,53.52,0.337,2416,4.91,9.89,WARNING
2026-09-30 10:13:02,CNC_01,46.66,0.219,2545,3.72,6.33,NORMAL
2026-09-30 10:13:03,CNC_01,49.54,0.497,2583,5.05,5.17,WARNING
2026-09-30 10:13:04,CNC_01,51.32,0.178,2423,5.02,12.71,NORMAL
2026-09-30 10:13:05,CNC_01,50.57,0.144,2405,4.18,17.52,NORMAL
2026-09-30 10:13:06,CNC_01,47.86,0.244,2478,5.08,13.92,NORMAL
2026-09-30 10:13:07,CNC_01,52.52,0.233,2418,5.44,5.7,WARNING
2026-09-30 10:13:08,CNC_01,44.23,0.461,2567,3.92,9.14,WARNING
2026-09-30 10:13:09,CNC_01,52.27,0.346,2405,4.92,7.2,WARNING
2026-09-30 10:13:10,CNC_01,50.41,0.453,2431,4.97,11.58,WARNING
2026-09-30 10:13:11,CNC_01,47.82,0.41,2420,5.11,8.83,NORMAL
2026-09-30 10:13:12,CNC_01,46.54,0.153,2600,4.62,17.22,NORMAL
2026-09-30 10:13:13,CNC_01,44.41,0.18,2459,5.23,16.35,NORMAL
2026-09-30 10:13:14,CNC_01,47.07,0.207,2456,4.56,14.77,NORMAL
2026-09-30 10:13:15,CNC_01,44.16,0.161,2488,4.93,14.41,NORMAL
2026-09-30 10:13:16,CNC_01,51.64,0.12,2419,3.56,16.74,NORMAL
2026-09-30 10:13:17,CNC_01,54.77,0.377,2449,4.12,9.41,WARNING
2026-09-30 10:13:18,CNC_01,52.3,0.279,2495,4.41,5.28,WARNING
2026-09-30 10:13:19,CNC_01,53.07,0.106,2404,4.25,9.32,WARNING
2026-09-30 10:13:20,CNC_01,52.5,0.166,2528,4.16,12.16,WARNING
2026-09-30 10:13:21,CNC_01,47.49,0.129,2493,3.51,10.68,NORMAL
2026-09-30 10:13:22,CNC_01,52.68,0.248,2400,4.42,10.08,WARNING
2026-09-30 10:13:23,CNC_01,44.11,0.317,2435,4.8,6.95,NORMAL
2026-09-30 10:13:24,CNC_01,50.51,0.433,2600,5.35,16.27,NORMAL
2026-09-30 10:13:25,CNC_01,54.48,0.346,2537,4.07,6.05,WARNING
2026-09-30 10:13:26,CNC_01,54.11,0.327,2405,4.08,5.21,WARNING
2026-09-30 10:13:27,CNC_01,53.0,0.334,2565,4.45,13.11,WARNING
2026-09-30 10:13:28,CNC_01,45.83,0.403,2525,5.14,19.98,NORMAL
2026-09-30 10:13:29,CNC_01,44.03,0.356,2421,4.65,18.75,NORMAL
2026-09-30 10:13:30,CNC_01,48.88,0.491,2493,4.23,11.36,WARNING
2026-09-30 10:13:31,CNC_01,51.59,0.353,2597,4.35,13.1,NORMAL
2026-09-30 10:13:32,CNC_01,44.79,0.382,2414,4.91,13.28,NORMAL
2026-09-30 10:13:33,CNC_01,43.06,0.457,2487,4.01,19.09,WARNING
2026-09-30 10:13:34,CNC_01,42.33,0.375,2594,4.59,7.49,NORMAL
2026-09-30 10:13:35,CNC_01,52.71,0.307,2403,4.49,10.34,WARNING
2026-09-30 10:13:36,CNC_01,45.2,0.446,2583,4.35,15.27,NORMAL
2026-09-30 10:13:37,CNC_01,44.85,0.363,2495,3.78,8.97,NORMAL
2026-09-30 10:13:38,CNC_01,48.33,0.248,2516,3.79,16.55,NORMAL
2026-09-30 10:13:39,CNC_01,51.99,0.192,2473,5.32,14.18,NORMAL
2026-09-30 10:13:40,CNC_01,51.28,0.44,2521,3.96,6.01,NORMAL
2026-09-30 10:13:41,CNC_01,54.24,0.436,2526,4.12,8.4,WARNING
2026-09-30 10:13:42,CNC_01,42.96,0.15,2446,4.48,16.51,NORMAL
2026-09-30 10:13:43,CNC_01,47.2,0.398,2478,5.13,10.43,NORMAL
2026-09-30 10:13:44,CNC_01,41.12,0.247,2576,4.76,15.26,NORMAL
2026-09-30 10:13:45,CNC_01,51.57,0.158,2532,5.17,10.8,NORMAL
2026-09-30 10:13:46,CNC_01,45.58,0.368,2413,4.88,8.99,NORMAL
2026-09-30 10:13:47,CNC_01,44.11,0.278,2418,5.23,16.56,NORMAL
2026-09-30 10:13:48,CNC_01,43.63,0.379,2589,4.36,10.73,NORMAL
2026-09-30 10:13:49,CNC_01,43.31,0.269,2490,4.47,18.95,NORMAL
2026-09-30 10:13:50,CNC_01,41.94,0.202,2496,3.66,14.25,NORMAL
2026-09-30 10:13:51,CNC_01,46.1,0.279,2577,5.13,6.35,NORMAL
2026-09-30 10:13:52,CNC_01,51.22,0.272,2484,4.7,10.79,NORMAL
2026-09-30 10:13:53,CNC_01,51.47,0.412,2427,4.25,17.21,NORMAL
2026-09-30 10:13:54,CNC_01,53.9,0.297,2406,5.14,17.68,WARNING
2026-09-30 10:13:55,CNC_01,45.06,0.13,2488,4.63,15.22,NORMAL
2026-09-30 10:13:56,CNC_01,48.26,0.339,2530,4.07,15.17,NORMAL
2026-09-30 10:13:57,CNC_01,53.35,0.141,2533,4.64,17.99,WARNING
2026-09-30 10:13:58,CNC_01,51.96,0.367,2402,5.49,12.66,NORMAL
2026-09-30 10:13:59,CNC_01,43.0,0.307,2518,3.84,16.4,NORMAL
2026-09-30 10:14:00,CNC_01,49.37,0.383,2494,4.03,6.25,NORMAL
2026-09-30 10:14:01,CNC_01,43.17,0.404,2456,4.93,18.21,NORMAL
2026-09-30 10:14:02,CNC_01,40.66,0.404,2535,4.12,14.25,NORMAL
2026-09-30 10:14:03,CNC_01,49.24,0.135,2593,4.94,15.53,NORMAL
2026-09-30 10:14:04,CNC_01,47.06,0.408,2564,4.65,16.0,NORMAL
2026-09-30 10:14:05,CNC_01,49.71,0.393,2441,5.11,17.58,NORMAL
2026-09-30 10:14:06,CNC_01,42.27,0.457,2532,4.82,13.07,WARNING
2026-09-30 10:14:07,CNC_01,47.84,0.485,2430,5.15,5.89,WARNING
2026-09-30 10:14:08,CNC_01,54.48,0.341,2469,5.48,12.19,WARNING
2026-09-30 10:14:09,CNC_01,46.02,0.291,2412,4.0,10.44,NORMAL
2026-09-30 10:14:10,CNC_01,48.56,0.156,2493,4.18,15.49,NORMAL
2026-09-30 10:14:11,CNC_01,45.09,0.383,2557,3.9,12.84,NORMAL
2026-09-30 10:14:12,CNC_01,40.45,0.314,2529,5.17,8.99,NORMAL
2026-09-30 10:14:13,CNC_01,50.44,0.301,2506,5.0,14.62,NORMAL
2026-09-30 10:14:14,CNC_01,53.61,0.248,2426,4.86,14.57,WARNING
2026-09-30 10:14:15,CNC_01,47.12,0.472,2503,4.41,9.58,WARNING
2026-09-30 10:14:16,CNC_01,44.06,0.101,2434,3.61,9.99,NORMAL
2026-09-30 10:14:17,CNC_01,40.95,0.247,2576,4.32,14.43,NORMAL
2026-09-30 10:14:18,CNC_01,51.53,0.431,2427,4.01,7.53,NORMAL
2026-09-30 10:14:19,CNC_01,54.83,0.151,2575,5.0,15.28,WARNING
2026-09-30 10:14:20,CNC_01,48.22,0.225,2591,3.72,9.2,NORMAL
2026-09-30 10:14:21,CNC_01,42.04,0.102,2439,3.98,13.03,NORMAL
2026-09-30 10:14:22,CNC_01,43.55,0.289,2418,5.07,17.59,NORMAL
2026-09-30 10:14:23,CNC_01,54.05,0.488,2458,3.71,14.01,WARNING
2026-09-30 10:14:24,CNC_01,45.59,0.302,2544,4.83,18.83,NORMAL
2026-09-30 10:14:25,CNC_01,42.44,0.493,2558,3.92,12.74,WARNING
2026-09-30 10:14:26,CNC_01,45.87,0.227,2564,5.15,7.65,NORMAL
2026-09-30 10:14:27,CNC_01,44.79,0.256,2572,4.15,14.31,NORMAL
2026-09-30 10:14:28,CNC_01,43.6,0.18,2597,4.69,17.74,NORMAL
2026-09-30 10:14:29,CNC_01,44.98,0.398,2588,3.6,8.06,NORMAL
2026-09-30 10:14:30,CNC_01,46.25,0.497,2490,3.7,9.33,WARNING
2026-09-30 10:14:31,CNC_01,40.64,0.405,2466,4.07,5.95,NORMAL
2026-09-30 10:14:32,CNC_01,42.41,0.331,2455,5.35,5.83,NORMAL
2026-09-30 10:14:33,CNC_01,43.92,0.245,2406,4.07,17.28,NORMAL
2026-09-30 10:14:34,CNC_01,46.0,0.303,2405,3.56,5.36,NORMAL
2026-09-30 10:14:35,CNC_01,48.94,0.103,2525,3.87,14.13,NORMAL
2026-09-30 10:14:36,CNC_01,42.42,0.285,2472,5.22,18.24,NORMAL
2026-09-30 10:14:37,CNC_01,47.13,0.258,2582,4.51,5.66,NORMAL
2026-09-30 10:14:38,CNC_01,51.8,0.395,2487,4.71,17.11,NORMAL
2026-09-30 10:14:39,CNC_01,46.0,0.182,2449,5.11,16.82,NORMAL
2026-09-30 10:14:40,CNC_01,51.4,0.158,2561,3.72,15.04,NORMAL
2026-09-30 10:14:41,CNC_01,45.82,0.193,2422,3.9,19.47,NORMAL
2026-09-30 10:14:42,CNC_01,51.32,0.339,2482,3.88,13.03,NORMAL
2026-09-30 10:14:43,CNC_01,52.02,0.123,2496,3.88,17.19,WARNING
2026-09-30 10:14:44,CNC_01,50.28,0.325,2494,4.26,5.3,NORMAL
2026-09-30 10:14:45,CNC_01,46.42,0.2,2412,5.04,15.43,NORMAL
2026-09-30 10:14:46,CNC_01,46.71,0.264,2431,4.05,17.69,NORMAL
2026-09-30 10:14:47,CNC_01,42.15,0.155,2484,3.65,19.31,NORMAL
2026-09-30 10:14:48,CNC_01,49.15,0.132,2434,3.64,5.69,NORMAL
2026-09-30 10:14:49,CNC_01,50.23,0.441,2523,3.77,14.28,NORMAL
2026-09-30 10:14:50,CNC_01,51.33,0.488,2562,3.91,10.89,WARNING
2026-09-30 10:14:51,CNC_01,52.8,0.183,2517,3.98,5.49,WARNING
2026-09-30 10:14:52,CNC_01,54.92,0.444,2402,4.74,13.83,WARNING
2026-09-30 10:14:53,CNC_01,47.64,0.454,2557,5.23,10.08,WARNING
2026-09-30 10:14:54,CNC_01,40.47,0.41,2565,5.09,8.04,NORMAL
2026-09-30 10:14:55,CNC_01,44.97,0.218,2445,4.87,12.15,NORMAL
2026-09-30 10:14:56,CNC_01,49.14,0.287,2577,4.85,11.96,NORMAL
2026-09-30 10:14:57,CNC_01,52.24,0.257,2404,5.28,5.31,WARNING
2026-09-30 10:14:58,CNC_01,40.35,0.204,2547,4.92,14.64,NORMAL
2026-09-30 10:14:59,CNC_01,49.92,0.384,2593,3.57,16.93,NORMAL
2026-09-30 10:15:00,CNC_01,44.8,0.345,2472,5.34,9.8,NORMAL
2026-09-30 10:15:01,CNC_01,50.45,0.245,2514,4.85,7.7,NORMAL
2026-09-30 10:15:02,CNC_01,49.66,0.109,2422,5.12,8.07,NORMAL
2026-09-30 10:15:03,CNC_01,53.22,0.455,2514,3.63,9.65,WARNING
2026-09-30 10:15:04,CNC_01,43.33,0.485,2509,4.05,19.4,WARNING
2026-09-30 10:15:05,CNC_01,42.97,0.148,2435,4.02,9.03,NORMAL
2026-09-30 10:15:06,CNC_01,42.61,0.428,2494,5.2,11.55,NORMAL
2026-09-30 10:15:07,CNC_01,40.69,0.434,2526,4.0,11.91,NORMAL
2026-09-30 10:15:08,CNC_01,40.67,0.338,2533,5.27,5.48,NORMAL
2026-09-30 10:15:09,CNC_01,42.61,0.448,2558,3.76,13.28,NORMAL
2026-09-30 10:15:10,CNC_01,42.44,0.302,2524,4.72,13.33,NORMAL
2026-09-30 10:15:11,CNC_01,50.46,0.433,2526,3.55,17.17,NORMAL
2026-09-30 10:15:12,CNC_01,51.05,0.253,2407,3.94,10.17,NORMAL
2026-09-30 10:15:13,CNC_01,51.65,0.386,2419,4.89,7.29,NORMAL
2026-09-30 10:15:14,CNC_01,42.93,0.324,2464,4.0,8.63,NORMAL
2026-09-30 10:15:15,CNC_01,44.77,0.419,2584,5.15,8.96,NORMAL
2026-09-30 10:15:16,CNC_01,43.56,0.337,2562,4.45,18.24,NORMAL
2026-09-30 10:15:17,CNC_01,47.35,0.405,2486,3.7,10.79,NORMAL
2026-09-30 10:15:18,CNC_01,52.11,0.282,2543,4.55,12.36,WARNING
2026-09-30 10:15:19,CNC_01,53.07,0.407,2431,4.4,9.15,WARNING
2026-09-30 10:15:20,CNC_01,41.18,0.237,2509,4.83,13.81,NORMAL
2026-09-30 10:15:21,CNC_01,42.52,0.299,2412,3.55,14.24,NORMAL
2026-09-30 10:15:22,CNC_01,45.79,0.392,2541,4.01,6.85,NORMAL
2026-09-30 10:15:23,CNC_01,46.12,0.359,2539,4.29,6.87,NORMAL
2026-09-30 10:15:24,CNC_01,51.22,0.497,2416,5.26,7.52,WARNING
2026-09-30 10:15:25,CNC_01,53.29,0.19,2422,4.46,7.14,WARNING
2026-09-30 10:15:26,CNC_01,44.52,0.402,2577,4.72,10.73,NORMAL
2026-09-30 10:15:27,CNC_01,44.9,0.299,2446,3.83,16.53,NORMAL
2026-09-30 10:15:28,CNC_01,50.4,0.198,2449,5.08,6.49,NORMAL
2026-09-30 10:15:29,CNC_01,45.53,0.131,2440,5.43,12.85,NORMAL
2026-09-30 10:15:30,CNC_01,47.23,0.262,2535,4.86,10.06,NORMAL
2026-09-30 10:15:31,CNC_01,43.5,0.134,2484,3.64,18.21,NORMAL
2026-09-30 10:15:32,CNC_01,46.89,0.373,2448,4.36,13.94,NORMAL
2026-09-30 10:15:33,CNC_01,48.71,0.157,2456,3.57,10.32,NORMAL
2026-09-30 10:15:34,CNC_01,53.9,0.334,2499,4.41,15.39,WARNING
2026-09-30 10:15:35,CNC_01,54.92,0.348,2502,4.52,6.76,WARNING
2026-09-30 10:15:36,CNC_01,53.74,0.252,2534,3.94,18.54,WARNING
2026-09-30 10:15:37,CNC_01,47.39,0.267,2524,4.28,12.0,NORMAL
2026-09-30 10:15:38,CNC_01,45.56,0.455,2448,4.96,18.6,WARNING
2026-09-30 10:15:39,CNC_01,41.59,0.464,2472,5.48,18.47,WARNING
2026-09-30 10:15:40,CNC_01,47.33,0.278,2508,4.05,11.82,NORMAL
2026-09-30 10:15:41,CNC_01,41.12,0.457,2595,4.45,7.06,WARNING
2026-09-30 10:15:42,CNC_01,43.42,0.197,2549,4.38,11.64,NORMAL
2026-09-30 10:15:43,CNC_01,54.98,0.465,2592,5.28,7.39,WARNING
2026-09-30 10:15:44,CNC_01,53.18,0.222,2480,4.73,18.33,WARNING
2026-09-30 10:15:45,CNC_01,51.02,0.327,2512,4.38,16.15,NORMAL
2026-09-30 10:15:46,CNC_01,43.32,0.316,2525,5.4,16.7,NORMAL
2026-09-30 10:15:47,CNC_01,53.58,0.143,2510,3.54,19.99,WARNING
2026-09-30 10:15:48,CNC_01,41.75,0.386,2445,5.3,15.48,NORMAL
2026-09-30 10:15:49,CNC_01,46.25,0.376,2417,3.73,10.53,NORMAL
2026-09-30 10:15:50,CNC_01,42.02,0.396,2596,4.35,8.35,NORMAL
2026-09-30 10:15:51,CNC_01,54.04,0.263,2459,5.15,12.0,WARNING
2026-09-30 10:15:52,CNC_01,54.95,0.412,2494,5.45,6.69,WARNING
2026-09-30 10:15:53,CNC_01,54.67,0.336,2496,3.52,5.68,WARNING
2026-09-30 10:15:54,CNC_01,46.18,0.485,2534,4.94,11.44,WARNING
2026-09-30 10:15:55,CNC_01,43.98,0.489,2484,4.88,5.95,WARNING
2026-09-30 10:15:56,CNC_01,49.57,0.234,2488,4.38,5.99,NORMAL
2026-09-30 10:15:57,CNC_01,41.68,0.396,2400,4.09,11.76,NORMAL
2026-09-30 10:15:58,CNC_01,54.49,0.467,2468,5.37,9.26,WARNING
2026-09-30 10:15:59,CNC_01,41.75,0.197,2417,4.97,19.6,NORMAL
2026-09-30 10:16:00,CNC_01,46.57,0.325,2479,4.17,15.51,NORMAL
2026-09-30 10:16:01,CNC_01,50.44,0.411,2433,5.11,8.71,NORMAL
2026-09-30 10:16:02,CNC_01,42.99,0.271,2528,4.01,8.56,NORMAL
2026-09-30 10:16:03,CNC_01,40.51,0.408,2520,4.45,8.96,NORMAL
2026-09-30 10:16:04,CNC_01,49.01,0.401,2401,3.8,18.95,NORMAL
2026-09-30 10:16:05,CNC_01,40.6,0.396,2439,5.06,8.38,NORMAL
2026-09-30 10:16:06,CNC_01,49.86,0.134,2535,4.09,16.67,NORMAL
2026-09-30 10:16:07,CNC_01,48.03,0.267,2512,3.64,10.25,NORMAL
2026-09-30 10:16:08,CNC_01,41.58,0.423,2477,3.84,11.01,NORMAL
2026-09-30 10:16:09,CNC_01,48.86,0.481,2591,5.39,9.93,WARNING
2026-09-30 10:16:10,CNC_01,43.66,0.11,2543,4.64,7.2,NORMAL
2026-09-30 10:16:11,CNC_01,53.74,0.334,2528,5.29,10.7,WARNING
2026-09-30 10:16:12,CNC_01,53.57,0.433,2563,3.5,7.37,WARNING
2026-09-30 10:16:13,CNC_01,52.1,0.4,2488,3.57,13.66,WARNING
2026-09-30 10:16:14,CNC_01,54.26,0.239,2467,5.48,15.04,WARNING
2026-09-30 10:16:15,CNC_01,53.83,0.453,2412,3.65,18.32,WARNING
2026-09-30 10:16:16,CNC_01,54.66,0.123,2428,5.17,7.29,WARNING
2026-09-30 10:16:17,CNC_01,50.29,0.111,2554,3.51,10.23,NORMAL
2026-09-30 10:16:18,CNC_01,52.79,0.217,2525,4.34,18.2,WARNING
2026-09-30 10:16:19,CNC_01,47.1,0.179,2556,4.65,17.21,NORMAL
2026-09-30 10:16:20,CNC_01,52.52,0.319,2573,5.38,19.25,WARNING
2026-09-30 10:16:21,CNC_01,42.04,0.354,2493,4.25,13.72,NORMAL
2026-09-30 10:16:22,CNC_01,49.55,0.396,2574,3.86,15.58,NORMAL
2026-09-30 10:16:23,CNC_01,41.98,0.341,2532,3.92,16.62,NORMAL
2026-09-30 10:16:24,CNC_01,51.51,0.204,2569,5.19,8.47,NORMAL
2026-09-30 10:16:25,CNC_01,46.8,0.432,2554,4.62,5.52,NORMAL
2026-09-30 10:16:26,CNC_01,52.38,0.348,2595,3.6,19.14,WARNING
2026-09-30 10:16:27,CNC_01,47.86,0.425,2479,5.35,9.77,NORMAL
2026-09-30 10:16:28,CNC_01,48.28,0.143,2419,5.12,9.43,NORMAL
2026-09-30 10:16:29,CNC_01,54.62,0.21,2429,3.67,16.78,WARNING
2026-09-30 10:16:30,CNC_01,46.03,0.182,2481,4.08,12.02,NORMAL
2026-09-30 10:16:31,CNC_01,54.94,0.457,2482,4.97,17.66,WARNING
2026-09-30 10:16:32,CNC_01,44.21,0.433,2532,4.07,8.39,NORMAL
2026-09-30 10:16:33,CNC_01,46.16,0.336,2419,3.99,7.17,NORMAL
2026-09-30 10:16:34,CNC_01,48.94,0.252,2590,4.83,7.25,NORMAL
2026-09-30 10:16:35,CNC_01,40.03,0.477,2410,4.79,18.17,WARNING
2026-09-30 10:16:36,CNC_01,52.1,0.108,2521,4.93,13.36,WARNING
2026-09-30 10:16:37,CNC_01,50.02,0.378,2501,5.31,14.28,NORMAL
2026-09-30 10:16:38,CNC_01,40.29,0.411,2407,4.95,16.58,NORMAL
2026-09-30 10:16:39,CNC_01,50.45,0.151,2452,3.87,7.02,NORMAL
2026-09-30 10:16:40,CNC_01,48.85,0.167,2598,4.13,19.91,NORMAL
2026-09-30 10:16:41,CNC_01,44.13,0.446,2438,4.09,6.08,NORMAL
2026-09-30 10:16:42,CNC_01,48.07,0.229,2486,4.62,7.64,NORMAL
2026-09-30 10:16:43,CNC_01,44.88,0.491,2464,5.36,17.06,WARNING
2026-09-30 10:16:44,CNC_01,40.39,0.197,2589,3.98,16.41,NORMAL
2026-09-30 10:16:45,CNC_01,42.46,0.215,2490,3.93,17.54,NORMAL
2026-09-30 10:16:46,CNC_01,49.85,0.382,2457,4.98,16.42,NORMAL
2026-09-30 10:16:47,CNC_01,52.37,0.288,2478,4.22,17.43,WARNING
2026-09-30 10:16:48,CNC_01,46.12,0.356,2557,5.15,17.99,NORMAL
2026-09-30 10:16:49,CNC_01,41.16,0.102,2421,5.11,10.78,NORMAL
2026-09-30 10:16:50,CNC_01,41.18,0.362,2445,4.72,7.69,NORMAL
2026-09-30 10:16:51,CNC_01,40.4,0.397,2565,4.33,18.72,NORMAL
2026-09-30 10:16:52,CNC_01,40.66,0.154,2455,5.44,19.42,NORMAL
2026-09-30 10:16:53,CNC_01,51.63,0.167,2467,5.33,19.37,NORMAL
2026-09-30 10:16:54,CNC_01,45.49,0.425,2485,3.73,13.56,NORMAL
2026-09-30 10:16:55,CNC_01,46.28,0.21,2454,5.37,8.68,NORMAL
2026-09-30 10:16:56,CNC_01,43.28,0.118,2574,4.56,7.48,NORMAL
2026-09-30 10:16:57,CNC_01,51.34,0.222,2514,5.08,16.96,NORMAL
2026-09-30 10:16:58,CNC_01,42.03,0.432,2448,4.03,15.42,NORMAL
2026-09-30 10:16:59,CNC_01,54.42,0.399,2401,4.76,19.83,WARNING
2026-09-30 10:17:00,CNC_01,42.32,0.436,2562,4.24,8.64,NORMAL
2026-09-30 10:17:01,CNC_01,43.64,0.235,2503,5.19,8.27,NORMAL
2026-09-30 10:17:02,CNC_01,40.02,0.154,2516,4.51,12.83,NORMAL
2026-09-30 10:17:03,CNC_01,43.75,0.19,2490,4.97,9.83,NORMAL
2026-09-30 10:17:04,CNC_01,45.44,0.229,2538,3.82,16.0,NORMAL
2026-09-30 10:17:05,CNC_01,53.91,0.109,2495,5.45,14.03,WARNING
2026-09-30 10:17:06,CNC_01,40.1,0.499,2412,3.83,7.81,WARNING
2026-09-30 10:17:08,CNC_01,54.57,0.225,2465,4.81,5.74,WARNING
2026-09-30 10:17:09,CNC_01,44.26,0.356,2449,4.48,10.19,NORMAL
2026-09-30 10:17:10,CNC_01,54.08,0.473,2503,4.8,6.14,WARNING
2026-09-30 10:17:11,CNC_01,44.46,0.239,2599,5.48,10.11,NORMAL
2026-09-30 10:17:12,CNC_01,43.08,0.219,2491,5.37,8.71,NORMAL
2026-09-30 10:17:13,CNC_01,45.07,0.23,2573,5.02,16.5,NORMAL
2026-09-30 10:17:14,CNC_01,49.25,0.45,2547,4.63,16.4,NORMAL
2026-09-30 10:17:15,CNC_01,46.03,0.315,2449,3.52,11.08,NORMAL
2026-09-30 10:17:16,CNC_01,40.92,0.477,2527,5.11,9.23,WARNING
2026-09-30 10:17:17,CNC_01,48.15,0.453,2426,5.48,13.71,WARNING
2026-09-30 10:17:18,CNC_01,40.52,0.214,2553,4.53,13.11,NORMAL
2026-09-30 10:17:19,CNC_01,45.51,0.177,2444,5.4,17.75,NORMAL
2026-09-30 10:17:20,CNC_01,54.33,0.438,2481,4.75,11.37,WARNING
2026-09-30 10:17:21,CNC_01,45.89,0.395,2418,5.01,8.98,NORMAL
2026-09-30 10:17:22,CNC_01,53.72,0.436,2408,4.6,13.99,WARNING
2026-09-30 10:17:23,CNC_01,53.13,0.262,2514,3.53,7.95,WARNING
2026-09-30 10:17:24,CNC_01,54.43,0.341,2438,4.44,11.11,WARNING
2026-09-30 10:17:25,CNC_01,43.18,0.415,2541,4.46,7.32,NORMAL
2026-09-30 10:17:26,CNC_01,41.0,0.125,2570,4.11,14.5,NORMAL
2026-09-30 10:17:27,CNC_01,43.07,0.352,2520,5.44,10.38,NORMAL
2026-09-30 10:17:28,CNC_01,51.56,0.406,2450,4.86,16.86,NORMAL
2026-09-30 10:17:29,CNC_01,44.27,0.284,2410,3.6,14.36,NORMAL
2026-09-30 10:17:30,CNC_01,43.6,0.369,2515,4.8,11.72,NORMAL
2026-09-30 10:17:31,CNC_01,42.77,0.169,2474,3.74,5.11,NORMAL
2026-09-30 10:17:32,CNC_01,54.03,0.193,2402,3.71,10.28,WARNING
2026-09-30 10:17:33,CNC_01,41.9,0.177,2551,3.81,13.84,NORMAL
2026-09-30 10:17:34,CNC_01,40.03,0.354,2473,4.74,17.23,NORMAL
2026-09-30 10:17:35,CNC_01,45.63,0.477,2425,4.77,14.02,WARNING
2026-09-30 10:17:36,CNC_01,50.63,0.268,2505,4.82,9.87,NORMAL
2026-09-30 10:17:37,CNC_01,51.85,0.415,2509,5.47,8.69,NORMAL
2026-09-30 10:17:38,CNC_01,47.62,0.257,2571,3.66,12.9,NORMAL
2026-09-30 10:17:39,CNC_01,42.31,0.352,2496,5.33,5.91,NORMAL
2026-09-30 10:17:40,CNC_01,52.49,0.494,2595,4.33,8.34,WARNING
2026-09-30 10:17:41,CNC_01,42.05,0.233,2408,4.1,7.14,NORMAL
2026-09-30 10:17:42,CNC_01,45.25,0.304,2437,4.22,14.71,NORMAL
2026-09-30 10:17:43,CNC_01,51.57,0.301,2508,5.24,19.52,NORMAL
2026-09-30 10:17:44,CNC_01,48.95,0.214,2440,5.26,18.75,NORMAL
2026-09-30 10:17:45,CNC_01,43.83,0.329,2518,4.99,18.49,NORMAL
2026-09-30 10:17:46,CNC_01,40.94,0.376,2435,4.59,6.07,NORMAL
2026-09-30 10:17:47,CNC_01,52.18,0.283,2462,4.78,15.37,WARNING
2026-09-30 10:17:48,CNC_01,42.75,0.235,2435,4.9,13.99,NORMAL
2026-09-30 10:17:49,CNC_01,52.34,0.158,2445,5.35,18.53,WARNING
2026-09-30 10:17:50,CNC_01,41.47,0.322,2416,5.16,15.21,NORMAL
2026-09-30 10:17:51,CNC_01,42.59,0.294,2597,4.8,13.92,NORMAL
2026-09-30 10:17:52,CNC_01,52.86,0.107,2415,3.62,15.0,WARNING
2026-09-30 10:17:53,CNC_01,40.89,0.172,2564,4.69,13.2,NORMAL
2026-09-30 10:17:54,CNC_01,47.32,0.459,2502,5.33,12.01,WARNING
2026-09-30 10:17:55,CNC_01,54.59,0.477,2401,5.16,16.64,WARNING
2026-09-30 10:17:56,CNC_01,53.35,0.37,2478,4.23,10.98,WARNING
2026-09-30 10:17:57,CNC_01,46.87,0.346,2584,4.69,6.16,NORMAL
2026-09-30 10:17:58,CNC_01,51.64,0.405,2554,4.21,18.63,NORMAL
2026-09-30 10:17:59,CNC_01,52.33,0.236,2433,4.33,14.1,WARNING
2026-09-30 10:18:00,CNC_01,45.42,0.104,2540,5.35,16.16,NORMAL
2026-09-30 10:18:01,CNC_01,48.55,0.328,2577,4.21,15.79,NORMAL
2026-09-30 10:18:02,CNC_01,53.25,0.211,2559,4.35,6.98,WARNING
2026-09-30 10:18:03,CNC_01,44.01,0.188,2518,5.09,17.33,NORMAL
2026-09-30 10:18:04,CNC_01,42.58,0.439,2502,5.03,12.23,NORMAL
2026-09-30 10:18:05,CNC_01,47.49,0.161,2502,4.85,6.79,NORMAL
2026-09-30 10:18:06,CNC_01,49.78,0.351,2437,4.78,9.0,NORMAL
2026-09-30 10:18:07,CNC_01,41.42,0.431,2503,5.44,11.03,NORMAL
2026-09-30 10:18:08,CNC_01,45.94,0.24,2472,4.87,8.63,NORMAL
2026-09-30 10:18:09,CNC_01,45.15,0.302,2522,5.36,7.51,NORMAL
2026-09-30 10:18:10,CNC_01,46.92,0.288,2571,5.44,14.82,NORMAL
2026-09-30 10:18:11,CNC_01,42.9,0.366,2504,5.39,6.39,NORMAL
2026-09-30 10:18:12,CNC_01,51.69,0.221,2446,3.52,5.55,NORMAL
2026-09-30 10:18:13,CNC_01,41.68,0.277,2543,5.15,7.71,NORMAL
2026-09-30 10:18:14,CNC_01,42.52,0.445,2418,4.46,18.7,NORMAL
2026-09-30 10:18:15,CNC_01,41.65,0.435,2580,4.83,12.13,NORMAL
2026-09-30 10:18:16,CNC_01,43.32,0.447,2504,3.73,6.76,NORMAL
2026-09-30 10:18:17,CNC_01,47.64,0.182,2457,4.08,6.36,NORMAL
2026-09-30 10:18:18,CNC_01,44.0,0.453,2456,4.75,12.33,WARNING
2026-09-30 10:18:19,CNC_01,49.03,0.109,2511,5.37,18.74,NORMAL
2026-09-30 10:18:20,CNC_01,47.86,0.132,2405,4.6,8.44,NORMAL
2026-09-30 10:18:21,CNC_01,52.15,0.287,2492,5.47,5.92,WARNING
2026-09-30 10:18:22,CNC_01,42.17,0.316,2515,4.35,18.59,NORMAL
2026-09-30 10:18:23,CNC_01,50.29,0.217,2581,4.4,15.55,NORMAL
2026-09-30 10:18:24,CNC_01,40.14,0.241,2449,3.86,14.3,NORMAL
2026-09-30 10:18:25,CNC_01,43.26,0.405,2598,4.26,14.21,NORMAL
2026-09-30 10:18:26,CNC_01,43.19,0.246,2517,4.35,12.98,NORMAL
2026-09-30 10:18:27,CNC_01,47.22,0.104,2449,5.21,18.7,NORMAL
2026-09-30 10:18:28,CNC_01,48.82,0.129,2498,3.8,9.77,NORMAL
2026-09-30 10:18:29,CNC_01,46.9,0.456,2411,5.49,17.38,WARNING
2026-09-30 10:18:30,CNC_01,49.38,0.214,2492,5.04,11.45,NORMAL
2026-09-30 10:18:31,CNC_01,43.77,0.44,2401,4.97,11.69,NORMAL
2026-09-30 10:18:32,CNC_01,40.41,0.254,2445,3.51,16.0,NORMAL
2026-09-30 10:18:33,CNC_01,49.3,0.143,2463,4.92,16.25,NORMAL
2026-09-30 10:18:34,CNC_01,48.31,0.232,2480,5.14,19.64,NORMAL
2026-09-30 10:18:35,CNC_01,48.54,0.228,2497,4.32,16.75,NORMAL
2026-09-30 10:18:36,CNC_01,51.49,0.163,2490,3.85,6.77,NORMAL
2026-09-30 10:18:37,CNC_01,40.1,0.466,2577,4.63,19.35,WARNING
2026-09-30 10:18:38,CNC_01,45.42,0.38,2567,3.98,7.86,NORMAL
2026-09-30 10:18:39,CNC_01,47.1,0.384,2423,4.65,16.48,NORMAL
2026-09-30 10:18:40,CNC_01,45.57,0.325,2577,3.76,18.3,NORMAL
2026-09-30 10:18:41,CNC_01,45.98,0.481,2570,4.67,9.66,WARNING
2026-09-30 10:18:42,CNC_01,44.88,0.155,2455,3.55,18.92,NORMAL
2026-09-30 10:18:43,CNC_01,40.62,0.433,2580,5.11,14.68,NORMAL
2026-09-30 10:18:44,CNC_01,53.08,0.454,2513,3.95,11.78,WARNING
2026-09-30 10:18:45,CNC_01,43.74,0.288,2581,4.7,5.7,NORMAL
2026-09-30 10:18:46,CNC_01,51.36,0.216,2554,5.18,9.34,NORMAL
2026-09-30 10:18:47,CNC_01,45.47,0.144,2584,5.38,12.42,NORMAL
2026-09-30 10:18:48,CNC_01,50.27,0.189,2463,5.19,15.71,NORMAL
2026-09-30 10:18:49,CNC_01,41.53,0.128,2553,4.56,16.19,NORMAL
2026-09-30 10:18:50,CNC_01,48.92,0.306,2574,5.38,12.78,NORMAL
2026-09-30 10:18:51,CNC_01,44.93,0.139,2554,3.69,14.71,NORMAL
2026-09-30 10:18:52,CNC_01,49.01,0.249,2461,4.69,18.41,NORMAL
2026-09-30 10:18:53,CNC_01,50.94,0.139,2429,5.1,17.03,NORMAL
2026-09-30 10:18:54,CNC_01,49.68,0.255,2585,5.22,12.6,NORMAL
2026-09-30 10:18:55,CNC_01,52.26,0.236,2553,3.92,17.38,WARNING
2026-09-30 10:18:56,CNC_01,53.67,0.43,2563,4.41,7.61,WARNING
2026-09-30 10:18:57,CNC_01,51.27,0.188,2595,3.53,9.91,NORMAL
2026-09-30 10:18:58,CNC_01,48.59,0.43,2429,4.61,12.83,NORMAL
2026-09-30 10:18:59,CNC_01,50.77,0.213,2585,4.19,8.11,NORMAL
2026-09-30 10:19:00,CNC_01,53.06,0.378,2523,5.46,17.93,WARNING
2026-09-30 10:19:01,CNC_01,49.69,0.435,2585,4.26,9.21,NORMAL
2026-09-30 10:19:02,CNC_01,45.77,0.155,2540,3.9,8.91,NORMAL
2026-09-30 10:19:03,CNC_01,53.47,0.238,2477,3.94,7.85,WARNING
2026-09-30 10:19:04,CNC_01,47.5,0.221,2592,4.35,7.53,NORMAL
2026-09-30 10:19:05,CNC_01,41.26,0.208,2409,4.03,6.27,NORMAL
2026-09-30 10:19:06,CNC_01,49.78,0.11,2409,4.16,5.86,NORMAL
2026-09-30 10:19:07,CNC_01,41.28,0.152,2579,4.26,9.75,NORMAL
2026-09-30 10:19:08,CNC_01,53.36,0.336,2428,3.75,5.47,WARNING
2026-09-30 10:19:09,CNC_01,41.17,0.202,2503,3.91,18.21,NORMAL
2026-09-30 10:19:10,CNC_01,42.19,0.135,2577,4.34,6.07,NORMAL
2026-09-30 10:19:11,CNC_01,46.13,0.166,2402,4.06,7.77,NORMAL
2026-09-30 10:19:12,CNC_01,40.79,0.131,2476,3.85,9.23,NORMAL
2026-09-30 10:19:13,CNC_01,51.68,0.497,2425,5.14,16.97,WARNING
2026-09-30 10:19:14,CNC_01,44.59,0.318,2509,4.96,13.86,NORMAL
2026-09-30 10:19:15,CNC_01,48.71,0.394,2531,3.62,6.25,NORMAL
2026-09-30 10:19:16,CNC_01,53.39,0.162,2554,4.8,12.27,WARNING
2026-09-30 10:19:17,CNC_01,43.54,0.376,2582,4.55,19.81,NORMAL
2026-09-30 10:19:18,CNC_01,44.87,0.174,2569,4.43,15.48,NORMAL
2026-09-30 10:19:19,CNC_01,41.33,0.227,2452,4.42,16.64,NORMAL
